time,Viscosity,Viscosity_verbose,Temperature,Temperature_verbose
0.0,7.4,OK,14.9,OK
2.0,77.6,OK_inner,14.9,OK
4.0,7.5,OK,14.8,OK
6.0,78.0,OK,14.8,OK
8.0,77.7,OK_inner,14.8,OK
10.0,78.6,OK_inner,14.8,OK
12.0,78.0,OK,14.8,OK
14.0,78.3,OK_inner,14.7,OK_inner
16.0,78.7,OK,14.7,OK_inner
18.0,78.0,OK,14.7,OK_inner
20.0,78.9,OK_inner,14.8,OK
22.0,79.3,OK_inner,14.8,OK
24.0,79.5,OK,14.8,OK
26.0,79.3,OK_inner,14.8,OK
28.0,79.9,OK,14.8,OK
30.0,80.9,OK,14.7,OK_inner
32.0,79.8,OK,14.7,OK_inner
34.0,80.6,OK,14.7,OK_inner
36.0,80.6,OK,14.7,OK_inner
38.0,80.2,OK,14.7,OK_inner
40.0,80.0,OK,14.7,OK_inner
42.0,80.0,OK,14.7,OK_inner
44.0,80.7,OK,14.6,OK
46.0,81.1,image_sweep_check,14.6,OK
48.0,81.4,OK_inner,14.6,OK
50.0,81.1,OK_inner,14.6,OK
52.0,81.8,OK,14.6,OK
54.0,81.0,OK,14.6,OK
56.0,81.6,OK,14.6,OK
58.0,82.0,OK,14.6,OK
60.0,82.0,OK,14.6,OK
62.0,81.9,OK,14.6,OK
64.0,82.3,OK,14.6,OK
66.0,82.5,OK,14.5,OK
68.0,82.2,OK,14.5,OK
70.0,82.9,OK,14.5,OK
72.0,82.8,OK,14.5,OK
74.0,82.5,OK,14.5,OK
76.0,83.2,OK,14.5,OK
78.0,83.2,OK,14.5,OK
80.0,82.8,OK,14.5,OK
82.0,83.4,OK_inner,14.5,OK
84.0,83.6,OK,14.5,OK
86.0,83.2,OK,14.5,OK
88.0,83.0,OK,14.5,OK
90.0,83.8,OK,14.4,OK
92.0,83.4,OK_inner,14.4,OK
94.0,84.0,OK,14.4,OK
96.0,84.8,OK,14.4,OK
98.0,83.7,OK,14.4,OK
100.0,84.3,OK,14.4,OK
102.0,84.3,image_sweep_check,14.4,OK
104.0,84.0,OK,14.4,OK
106.0,84.4,OK,14.4,OK
108.0,84.6,OK,14.4,OK
110.0,84.0,OK_inner,14.4,OK
112.0,84.4,OK,14.4,OK
114.0,84.6,OK,14.4,OK
116.0,84.1,OK,14.4,OK
118.0,84.7,OK,14.4,OK
120.0,84.0,OK,14.4,OK
122.0,84.1,image_sweep_check,14.6,OK
124.0,84.4,OK,14.5,OK
126.0,84.3,OK,14.6,OK
128.0,83.5,OK,14.7,OK_inner
130.0,83.7,image_sweep_check,14.8,OK
132.0,83.4,OK_inner,14.8,OK
134.0,82.8,OK,14.9,OK
136.0,82.9,OK,15.0,OK
138.0,82.9,OK,15.0,OK_inner
140.0,82.5,OK,15.1,OK
142.0,82.8,OK,15.1,OK
144.0,82.8,OK,15.1,OK
146.0,82.2,OK,15.1,OK
148.0,82.9,OK,15.0,OK_inner
150.0,82.9,OK,15.0,OK
152.0,82.6,OK,15.0,OK
154.0,83.1,image_sweep_check,14.9,OK
156.0,82.9,OK,14.9,OK
158.0,82.6,OK,14.9,OK
160.0,83.1,OK_inner,14.9,OK
162.0,83.8,OK,14.9,OK
164.0,82.6,OK,14.9,OK
166.0,83.2,OK,14.9,OK
168.0,83.2,OK,14.9,OK
170.0,82.6,OK,14.9,OK
172.0,82.8,OK,15.0,OK
174.0,82.5,OK,15.1,OK
176.0,81.6,OK,15.2,OK_inner
178.0,81.9,OK,15.3,OK
180.0,81.4,OK,15.4,OK
182.0,80.7,OK,15.5,OK
184.0,81.0,OK,15.6,OK
186.0,80.6,OK,15.7,OK_inner
188.0,79.8,OK,15.8,OK_inner
190.0,80.1,OK,15.9,OK
192.0,79.6,OK,15.9,image_sweep_check
194.0,78.7,OK,16.0,OK
196.0,79.0,OK,16.1,OK
198.0,78.9,OK,16.2,OK
200.0,78.0,OK,16.2,OK
202.0,78.3,OK_inner,16.3,OK
204.0,78.0,OK,16.4,OK
206.0,7.5,OK,16.4,OK
208.0,77.7,OK_inner,16.5,OK
210.0,7.2,OK,16.6,OK
212.0,76.3,OK_inner,16.6,OK
214.0,76.8,OK,16.7,OK_inner
216.0,76.5,OK,16.7,OK_inner
218.0,76.0,OK,16.8,OK
220.0,76.5,OK,16.8,OK
222.0,76.2,OK,16.8,OK
224.0,75.4,OK,16.9,OK
226.0,75.7,OK,16.9,OK
228.0,75.7,OK,16.9,OK
230.0,75.0,OK,17.0,OK_inner
232.0,75.3,OK,17.0,OK_inner
234.0,75.4,OK,17.0,OK_inner
236.0,74.8,OK,17.0,OK_inner
238.0,75.3,OK,16.9,OK
240.0,75.0,image_sweep_check,16.9,OK
242.0,74.5,OK,16.9,OK
244.0,75.1,OK_inner,16.9,OK
246.0,76.0,OK,16.9,OK
248.0,74.2,OK,17.0,OK_inner
250.0,74.7,OK,17.0,OK_inner
252.0,74.2,OK,17.1,OK
254.0,73.3,OK,17.2,OK_inner
256.0,73.8,OK,17.3,OK
258.0,73.2,OK_inner,17.4,OK
260.0,72.3,OK,17.5,OK
262.0,72.7,OK_inner,17.5,OK_inner
264.0,72.3,OK_inner,47.7,image_sweep_check
266.0,71.4,OK,47.7,OK_inner
268.0,71.8,OK,17.8,OK
270.0,71.5,OK,17.9,OK
272.0,70.8,OK,17.9,OK
274.0,71.2,OK,17.9,OK
276.0,71.2,OK,17.9,OK
278.0,70.5,OK,17.9,OK
280.0,71.1,OK,17.9,OK
282.0,71.1,image_sweep_check,17.9,OK
284.0,70.3,OK,17.9,OK
286.0,70.9,OK,17.9,OK
288.0,70.8,OK,17.9,OK
290.0,70.0,OK,17.9,OK
292.0,70.5,OK,17.9,OK
294.0,70.3,OK,18.0,OK
296.0,69.6,OK,18.0,OK
298.0,69.9,OK,18.1,OK
300.0,69.7,OK,18.1,OK
302.0,68.8,OK,18.2,OK_inner
304.0,69.3,OK,18.3,OK
306.0,68.8,OK,18.3,OK
308.0,68.1,image_sweep_check,18.4,OK
310.0,68.5,OK,18.5,OK
312.0,68.2,OK,18.5,OK
314.0,67.6,OK,18.6,OK
316.0,68.1,OK_inner,18.6,OK
318.0,67.9,OK,18.6,OK
320.0,67.2,OK,18.6,OK
322.0,67.9,OK,18.6,OK
324.0,67.8,OK,18.6,OK
326.0,67.0,OK,18.6,OK
328.0,67.8,OK,18.6,OK
330.0,67.5,OK,18.6,OK
332.0,66.9,OK,18.6,OK
334.0,67.5,OK,18.6,OK
336.0,67.3,OK,18.6,OK
338.0,66.6,OK,18.6,OK
340.0,67.2,OK,18.7,OK_inner
342.0,67.0,OK,18.7,OK_inner
344.0,66.3,OK,18.7,OK_inner
346.0,66.9,OK_inner,18.7,OK_inner
348.0,66.7,OK,18.7,OK
350.0,66.1,OK,18.7,OK_inner
352.0,66.7,OK,18.7,OK_inner
354.0,66.4,OK_inner,18.7,OK
356.0,65.8,OK,18.8,OK
358.0,66.1,OK,18.9,OK
360.0,65.7,OK,18.9,OK
362.0,64.9,OK,19.0,OK
364.0,65.2,OK,19.1,OK
366.0,64.6,OK,19.3,OK
368.0,63.9,OK,19.4,OK
370.0,64.2,OK,19.5,OK
372.0,63.7,OK_inner,19.6,OK
374.0,63.3,OK,19.6,OK
376.0,63.7,OK_inner,19.7,OK_inner
378.0,63.7,OK_inner,19.6,OK
380.0,63.3,OK_inner,19.6,OK
382.0,63.7,OK_inner,19.6,OK
384.0,63.7,OK_inner,19.5,OK
386.0,63.4,OK_inner,19.5,OK
388.0,63.7,OK,19.5,OK_inner
390.0,63.7,OK_inner,19.4,OK
392.0,63.3,OK_inner,19.4,OK
394.0,63.7,OK,19.4,OK
396.0,63.7,OK_inner,19.4,OK
398.0,63.1,OK_inner,19.3,OK
400.0,63.7,OK_inner,19.3,OK
402.0,63.7,OK_inner,19.3,OK
404.0,63.1,OK_inner,19.3,OK
406.0,63.6,OK,19.3,OK
408.0,63.6,OK,19.3,OK
410.0,63.3,OK_inner,19.3,OK
412.0,63.4,OK,19.3,OK
414.0,63.4,OK,19.3,OK
416.0,63.0,OK_inner,19.3,OK
418.0,63.3,OK,19.3,OK
420.0,63.4,OK_inner,19.3,OK
422.0,63.0,OK_inner,19.3,OK
424.0,63.3,OK,19.3,OK
426.0,63.3,OK,19.3,OK
428.0,63.0,OK_inner,19.3,OK
430.0,63.1,OK_inner,19.4,OK
432.0,63.1,OK,19.4,OK
434.0,62.5,OK,19.4,OK
436.0,63.1,OK_inner,19.4,OK
438.0,63.0,OK_inner,19.4,OK
440.0,62.4,OK,19.4,OK
442.0,62.8,OK,19.4,OK
444.0,62.8,OK,19.4,OK
446.0,62.2,OK,19.4,OK
448.0,62.8,OK,19.4,OK
450.0,62.5,OK,19.4,OK
452.0,62.1,OK_inner,19.5,OK
454.0,62.4,OK,19.5,OK
456.0,62.1,OK_inner,19.6,OK
458.0,61.6,OK,19.7,OK_inner
460.0,61.9,OK,19.7,OK_inner
462.0,61.8,OK,19.5,OK_inner
464.0,61.2,OK,19.6,OK
466.0,61.6,OK,19.6,OK
468.0,61.3,OK,19.7,OK_inner
470.0,60.9,OK,19.7,OK_inner
472.0,61.2,OK,19.8,OK
474.0,60.9,OK,19.9,OK_inner
476.0,60.1,OK,19.9,OK_inner
478.0,60.6,OK,19.9,OK_inner
480.0,60.6,OK,19.9,OK
482.0,60.1,OK,19.9,OK_inner
484.0,60.6,OK,19.9,OK_inner
486.0,60.6,OK,19.9,OK
488.0,60.1,OK,19.9,OK_inner
490.0,60.6,OK,19.9,OK
492.0,60.4,OK_inner,19.9,OK_inner
494.0,60.1,OK,19.9,OK_inner
496.0,60.6,OK,19.8,OK
498.0,60.4,OK,19.8,OK
500.0,60.0,OK,19.9,OK_inner
502.0,60.4,OK,19.9,OK
504.0,60.1,OK,19.9,OK_inner
506.0,59.7,OK,19.9,OK
508.0,60.0,OK,20.0,image_sweep_check
510.0,59.8,OK,20.1,OK
512.0,59.1,image_sweep_check,20.1,OK
514.0,59.5,OK,20.2,image_sweep_check
516.0,59.2,OK,20.3,OK
518.0,58.6,OK,20.3,OK
520.0,59.1,image_sweep_check,20.3,OK
522.0,59.1,image_sweep_check,20.3,image_sweep_check
524.0,58.5,OK,20.3,OK
526.0,59.1,OK_inner,20.3,OK
528.0,58.9,OK,20.3,OK_inner
530.0,58.5,OK,20.3,OK_inner
532.0,58.9,OK,20.2,OK_inner
534.0,58.9,OK,20.2,OK_inner
536.0,58.5,OK,20.2,OK_inner
538.0,58.9,OK,20.2,OK_inner
540.0,58.8,OK,20.2,OK_inner
542.0,58.5,OK,20.2,OK_inner
544.0,58.9,OK,20.2,OK_inner
546.0,58.6,OK,20.3,OK_inner
548.0,58.3,OK_inner,20.3,OK
550.0,58.8,OK,20.3,OK_inner
552.0,58.6,OK,20.3,OK
554.0,58.0,OK,20.3,OK
556.0,58.5,OK,20.3,OK
558.0,58.3,OK,20.4,OK_inner
560.0,57.9,OK,20.4,OK
562.0,58.3,OK,20.4,OK
564.0,58.2,OK,20.4,OK
566.0,57.7,OK,20.4,OK
568.0,58.2,OK,20.4,OK
570.0,58.0,OK,20.4,OK
572.0,57.6,OK,20.4,OK
574.0,58.0,OK,20.5,OK
576.0,57.9,OK,20.5,OK_inner
578.0,57.4,OK_inner,20.5,OK
580.0,57.9,OK,20.5,OK_inner
582.0,57.7,OK,20.5,OK_inner
584.0,57.3,OK,20.5,OK_inner
586.0,57.9,OK,20.5,OK_inner
588.0,57.7,OK,20.5,OK_inner
590.0,57.1,OK,20.5,OK_inner
592.0,57.7,OK,20.5,OK
594.0,57.6,OK,20.5,OK
596.0,57.1,OK,20.5,OK_inner
598.0,57.6,OK,20.5,OK_inner
600.0,57.6,OK,20.5,OK_inner
602.0,57.0,OK,20.5,OK
604.0,57.4,OK_inner,20.5,OK_inner
606.0,57.4,OK_inner,20.5,OK_inner
608.0,57.0,OK,20.5,OK
610.0,57.4,OK,20.5,OK_inner
612.0,57.3,OK,20.5,OK
614.0,57.0,OK,20.5,OK_inner
616.0,57.4,OK,20.5,OK
618.0,57.1,OK,20.5,OK_inner
620.0,56.8,OK,20.5,OK
622.0,57.1,OK_inner,20.6,OK
624.0,56.8,OK,20.7,OK_inner
626.0,56.2,OK,20.8,OK
628.0,56.5,OK,20.9,OK_inner
630.0,56.2,OK,21.0,OK
632.0,55.5,OK,21.1,OK
634.0,55.9,OK_inner,21.1,OK
636.0,55.8,OK,21.2,OK_inner
638.0,55.3,OK_inner,21.2,OK_inner
640.0,55.8,OK,21.2,OK_inner
642.0,55.6,OK,21.2,OK_inner
644.0,55.3,OK_inner,21.2,OK_inner
646.0,55.6,OK,21.2,OK_inner
648.0,55.6,OK,21.2,OK_inner
650.0,55.0,OK_inner,21.2,OK_inner
652.0,55.6,OK,21.2,OK_inner
654.0,55.6,OK,21.1,OK
656.0,55.0,OK,21.1,OK
658.0,55.5,OK,21.1,OK
660.0,55.3,OK,21.2,OK_inner
662.0,54.9,OK,21.2,OK_inner
664.0,55.2,OK_inner,21.3,OK
666.0,55.2,OK,21.3,OK
668.0,54.6,OK,21.4,OK
670.0,54.9,OK,21.4,OK
672.0,54.7,OK,21.5,OK
674.0,54.1,image_sweep_check,21.5,OK
676.0,54.6,OK,21.5,OK
678.0,54.4,OK,21.6,OK
680.0,54.0,OK,21.6,OK
682.0,54.4,OK,21.6,OK
684.0,54.3,OK,21.6,OK
686.0,54.0,OK,21.6,OK
688.0,54.3,OK,21.6,OK
690.0,54.3,OK,21.5,OK
692.0,53.8,OK,21.6,OK
694.0,54.3,OK,21.5,OK
696.0,54.3,OK,21.5,OK
698.0,53.7,OK_inner,21.5,OK
700.0,54.3,OK,21.5,OK
702.0,54.1,OK_inner,21.5,OK
704.0,53.7,OK,21.6,OK
706.0,54.0,OK,21.6,OK
708.0,54.0,OK,21.6,OK
710.0,53.4,OK_inner,21.7,OK_inner
712.0,53.7,image_sweep_check,21.7,image_sweep_check
714.0,53.7,OK_inner,21.7,image_sweep_check
716.0,53.2,OK,21.8,OK
718.0,53.5,OK,21.8,OK
720.0,53.5,OK,21.8,OK
722.0,53.1,image_sweep_check,21.9,OK
724.0,53.4,OK,21.9,OK
726.0,53.4,OK,21.9,OK
728.0,52.9,OK,21.9,OK
730.0,53.2,OK_inner,21.9,OK
732.0,53.2,OK,21.9,OK_inner
734.0,52.8,OK,21.9,OK
736.0,53.9,image_sweep_check,21.9,OK
738.0,52.9,OK_inner,21.9,OK
740.0,52.6,OK,21.9,OK
742.0,53.1,image_sweep_check,21.9,OK
744.0,52.9,OK_inner,21.9,OK
746.0,52.6,OK,21.9,OK
748.0,52.9,OK,21.9,OK
750.0,52.9,OK,21.9,OK
752.0,52.5,OK,21.9,OK
754.0,52.9,OK,21.9,OK
756.0,52.8,OK,21.9,OK
758.0,52.9,OK,21.9,OK
760.0,52.8,OK,22.0,OK
762.0,52.8,OK,22.0,OK
764.0,52.3,OK,22.0,OK
766.0,52.6,OK,22.0,OK
768.0,52.8,OK,22.0,OK
770.0,52.2,OK,22.0,OK
772.0,52.6,OK,22.0,OK
774.0,52.5,OK,22.0,OK
776.0,52.0,OK,22.0,OK
778.0,52.5,OK,22.0,OK
780.0,52.9,OK,22.0,OK
782.0,52.0,OK,22.0,OK
784.0,52.3,OK,22.0,OK
786.0,52.2,OK_inner,22.1,OK
788.0,51.9,OK,22.0,OK
790.0,52.3,OK,22.1,OK
792.0,52.3,OK,22.0,image_sweep_check
794.0,51.7,image_sweep_check,22.1,OK
796.0,52.0,OK,22.1,OK
798.0,52.0,OK,22.1,OK
800.0,51.7,OK,22.1,OK
802.0,52.0,OK,22.1,OK
804.0,52.0,OK,22.1,OK
806.0,51.7,OK,22.1,OK
808.0,52.0,OK,22.1,OK
810.0,52.0,OK,22.1,OK
812.0,51.8,OK,22.1,OK
814.0,51.9,OK,22.1,OK
816.0,52.0,OK,22.1,OK
818.0,51.6,OK,22.1,OK
820.0,52.9,OK,22.1,OK
822.0,52.0,OK,22.1,OK
824.0,51.7,OK,22.1,OK
826.0,52.0,OK,22.1,OK
828.0,52.0,OK_inner,22.1,OK
830.0,51.6,OK,22.1,OK
832.0,52.0,OK,22.1,OK
834.0,51.9,OK,22.1,OK
836.0,51.6,OK,22.1,OK
838.0,52.0,OK,22.1,OK
840.0,51.9,OK,22.1,OK
842.0,51.8,OK,22.1,OK
844.0,51.0,OK,22.1,OK
846.0,51.9,OK,22.1,OK
848.0,51.4,OK,22.1,OK
850.0,51.2,image_sweep_check,22.1,OK
852.0,51.9,OK,22.1,OK
854.0,51.3,image_sweep_check,22.1,OK
856.0,51.8,OK_inner,22.1,OK
858.0,51.7,OK,22.1,OK
860.0,51.3,OK_inner,22.1,OK
862.0,51.8,OK,22.1,OK
864.0,51.8,OK,22.1,OK
866.0,51.3,OK_inner,22.1,OK
868.0,51.8,OK,22.1,OK
870.0,51.8,OK,22.1,OK
872.0,51.3,OK,22.1,OK
874.0,51.8,OK,22.1,OK
876.0,51.8,OK,22.1,OK
878.0,51.3,image_sweep_check,22.1,OK
880.0,51.8,OK,22.1,OK
882.0,51.8,OK,22.1,OK
884.0,51.0,image_sweep_check,22.1,OK
886.0,51.4,OK,22.1,OK
888.0,51.8,OK,22.1,OK
890.0,51.1,OK_inner,22.1,OK
892.0,51.4,OK,22.1,OK
894.0,51.8,OK,22.1,OK
896.0,51.0,OK_inner,22.1,OK
898.0,51.4,OK,22.1,OK
900.0,51.6,OK,22.1,OK
902.0,51.1,OK_inner,22.1,OK
904.0,51.4,OK,22.1,OK
906.0,51.4,OK,22.2,OK_inner
908.0,50.0,OK,22.2,OK_inner
910.0,51.3,OK_inner,22.3,image_sweep_check
912.0,51.0,OK,22.3,OK
914.0,50.7,OK,22.6,OK
916.0,50.0,OK,22.5,OK
918.0,50.5,OK,22.6,OK
920.0,49.9,OK,22.7,OK_inner
922.0,50.1,OK,22.9,OK
924.0,69.1,image_sweep_check,22.9,OK
926.0,49.6,OK,23.0,OK
928.0,49.8,OK,23.0,OK_inner
930.0,49.9,OK,23.0,OK_inner
932.0,49.5,OK,23.0,OK_inner
934.0,49.6,OK,23.0,OK_inner
936.0,49.8,OK,23.0,OK_inner
938.0,49.5,OK,22.9,OK
940.0,49.8,OK,22.9,OK
942.0,49.8,OK,22.9,OK
944.0,49.5,OK,22.9,OK
946.0,49.6,OK,22.9,OK
948.0,49.6,OK,22.9,OK
950.0,49.3,OK,23.0,OK
952.0,49.6,OK,23.0,OK_inner
954.0,49.5,OK,23.0,OK_inner
956.0,49.0,OK,23.1,OK_inner
958.0,49.3,OK,23.1,OK
960.0,49.2,OK,23.2,OK
962.0,48.7,OK,23.2,OK_inner
964.0,48.9,OK,23.3,OK
966.0,48.7,OK,23.4,OK
968.0,48.4,OK_inner,23.5,OK
970.0,48.4,OK,23.5,OK_inner
972.0,48.0,OK,23.5,OK_inner
974.0,48.1,OK_inner,23.5,OK
976.0,48.3,OK_inner,23.5,OK
978.0,48.3,OK,23.5,OK
980.0,48.0,OK,23.5,OK_inner
982.0,48.6,OK,23.6,OK
984.0,48.1,OK_inner,23.6,OK
986.0,48.0,OK,23.6,OK
988.0,48.1,OK,23.6,OK
990.0,48.3,OK,23.6,OK
992.0,47.7,OK,23.6,OK
994.0,48.0,OK,23.6,OK
996.0,48.0,OK,23.6,OK
998.0,47.8,OK,23.6,OK
1000.0,47.8,OK,23.6,OK
1002.0,47.8,OK,23.7,image_sweep_check
1004.0,47.4,OK,23.7,image_sweep_check
1006.0,47.7,image_sweep_check,23.7,image_sweep_check
1008.0,47.7,OK_inner,23.7,image_sweep_check
1010.0,47.4,OK,23.7,OK_inner
1012.0,47.5,OK,23.7,OK_inner
1014.0,47.5,OK,23.8,OK
1016.0,47.2,OK,23.8,OK_inner
1018.0,47.2,OK,23.9,OK
1020.0,47.4,OK,23.9,OK
1022.0,46.9,OK,23.9,image_sweep_check
1024.0,47.1,OK,24.0,OK
1026.0,47.1,OK,24.0,OK
1028.0,46.8,OK,24.0,OK
1030.0,47.1,OK,24.0,OK
1032.0,47.1,OK_inner,24.0,OK
1034.0,46.8,OK,23.9,OK_inner
1036.0,46.9,OK,23.9,image_sweep_check
1038.0,47.1,OK_inner,23.9,OK_inner
1040.0,46.8,OK,23.9,OK_inner
1042.0,46.8,OK,23.9,OK_inner
1044.0,46.9,OK,23.9,OK_inner
1046.0,46.6,OK,23.9,OK_inner
1048.0,46.8,OK,24.0,OK
1050.0,46.8,OK,24.0,OK
1052.0,46.5,OK,24.0,OK
1054.0,46.8,OK,24.0,OK
1056.0,46.6,OK,24.0,OK
1058.0,46.3,OK,24.0,OK
1060.0,46.6,OK,24.1,OK
1062.0,46.6,OK,24.1,OK
1064.0,46.2,OK,24.1,OK
1066.0,46.5,OK,24.1,OK
1068.0,46.5,OK,24.1,OK
1070.0,46.0,OK,24.1,OK
1072.0,46.3,OK,24.1,OK
1074.0,46.3,OK,24.1,OK
1076.0,46.2,OK,24.1,OK
1078.0,46.2,OK,24.1,OK
1080.0,46.2,OK,24.2,OK_inner
1082.0,45.9,OK,24.2,OK_inner
1084.0,45.9,OK,24.3,OK
1086.0,45.9,OK,24.4,OK
1088.0,45.4,OK,24.5,OK
1090.0,45.6,OK,24.5,OK
1092.0,45.4,OK,24.6,OK
1094.0,45.1,OK_inner,24.7,OK_inner
1096.0,45.1,OK,24.8,OK
1098.0,45.1,OK_inner,24.8,OK
1100.0,44.7,OK,24.9,OK
1102.0,44.8,OK,24.9,OK
1104.0,45.0,OK,24.9,OK
1106.0,44.7,OK,24.9,OK
1108.0,44.8,OK,24.9,OK
1110.0,45.0,OK,24.8,OK
1112.0,44.7,OK,24.8,OK
1114.0,44.8,OK,24.8,OK
1116.0,44.8,OK,24.8,OK
1118.0,44.7,OK,24.8,OK
1120.0,44.7,OK,24.8,OK
1122.0,44.8,OK,24.9,OK_inner
1124.0,44.5,OK,24.9,OK
1126.0,44.5,OK,24.9,OK
1128.0,44.5,OK,24.9,OK
1130.0,44.1,OK,25.0,image_sweep_check
1132.0,44.2,OK,25.1,OK_inner
1134.0,44.1,OK,25.1,OK_inner
1136.0,43.9,OK,25.2,OK_inner
1138.0,43.9,OK,25.3,OK
1140.0,43.8,OK,25.3,OK
1142.0,43.5,OK,25.3,OK
1144.0,43.6,OK,25.4,OK_inner
1146.0,43.6,OK,25.4,OK_inner
1148.0,43.5,OK,25.4,OK_inner
1150.0,43.5,OK,25.4,OK_inner
1152.0,43.8,OK,25.4,OK_inner
1154.0,43.3,OK_inner,25.4,OK_inner
1156.0,43.5,OK,25.4,OK_inner
1158.0,43.6,OK,25.4,OK_inner
1160.0,43.3,OK,25.4,OK_inner
1162.0,43.5,OK,25.3,OK
1164.0,43.5,OK,25.3,OK
1166.0,43.2,OK,25.3,OK
1168.0,43.3,OK,25.3,OK
1170.0,43.3,OK_inner,25.3,OK
1172.0,43.2,OK,25.4,OK_inner
1174.0,43.2,OK_inner,25.4,OK_inner
1176.0,43.3,OK,25.4,OK_inner
1178.0,43.0,OK,25.5,OK
1180.0,43.0,OK,25.5,image_sweep_check
1182.0,43.0,OK,25.6,OK_inner
1184.0,42.6,OK,25.7,OK_inner
1186.0,42.7,OK_inner,25.7,OK_inner
1188.0,42.7,OK,25.7,OK_inner
1190.0,42.4,OK,25.7,OK_inner
1192.0,42.6,OK,25.7,OK_inner
1194.0,42.6,OK,25.8,OK
1196.0,42.4,OK,25.8,OK_inner
1198.0,42.6,OK,25.8,OK
1200.0,42.6,OK,25.7,OK_inner
1202.0,42.4,OK,25.7,OK_inner
1204.0,42.4,OK,25.7,OK_inner
1206.0,42.6,OK,25.7,OK_inner
1208.0,42.3,OK,25.7,OK_inner
1210.0,42.4,OK,25.7,OK_inner
1212.0,42.6,OK,25.7,OK_inner
1214.0,42.4,OK,25.7,OK_inner
1216.0,42.4,OK,25.7,OK_inner
1218.0,42.6,OK,25.7,OK_inner
1220.0,42.3,OK_inner,25.7,OK_inner
1222.0,42.3,OK,25.8,OK_inner
1224.0,42.4,OK,25.8,OK
1226.0,42.1,OK_inner,25.8,OK_inner
1228.0,42.3,OK,25.8,OK
1230.0,42.4,OK,25.8,OK_inner
1232.0,42.1,OK_inner,25.8,OK
1234.0,42.1,OK_inner,25.8,OK
1236.0,42.3,OK,25.8,OK
1238.0,42.1,OK_inner,25.9,image_sweep_check
1240.0,42.1,OK_inner,25.9,OK
1242.0,42.3,OK,25.9,OK_inner
1244.0,42.0,OK,25.9,OK_inner
1246.0,42.0,OK,25.9,OK_inner
1248.0,42.1,OK_inner,25.9,OK_inner
1250.0,42.0,OK,25.9,OK_inner
1252.0,42.0,OK,25.9,OK
1254.0,42.0,OK,25.9,OK_inner
1256.0,41.8,OK,25.9,OK_inner
1258.0,42.0,OK,25.9,OK
1260.0,42.0,OK,25.9,OK_inner
1262.0,41.8,OK,25.9,OK_inner
1264.0,41.8,OK,25.9,OK_inner
1266.0,42.0,OK,25.9,OK
1268.0,41.8,OK,25.9,OK
1270.0,41.8,OK,25.9,OK_inner
1272.0,42.0,OK,25.9,OK_inner
1274.0,41.8,OK,25.9,OK_inner
1276.0,41.8,OK,25.9,OK_inner
1278.0,42.0,OK,25.9,OK_inner
1280.0,41.7,OK,25.9,OK_inner
1282.0,41.8,OK,25.9,OK_inner
1284.0,42.0,OK,25.9,OK_inner
1286.0,41.7,OK,25.9,OK_inner
1288.0,41.7,OK,25.9,OK
1290.0,41.8,OK,25.9,OK_inner
1292.0,41.7,OK,25.9,OK
1294.0,41.7,OK,25.9,OK_inner
1296.0,41.8,OK,25.9,OK_inner
1298.0,41.7,OK,25.9,image_sweep_check
1300.0,41.7,OK,25.9,OK_inner
1302.0,41.8,OK,25.9,OK_inner
1304.0,41.7,OK,25.9,OK_inner
1306.0,41.7,OK,25.9,OK_inner
1308.0,41.8,OK,25.9,OK_inner
1310.0,41.7,OK,25.9,OK_inner
1312.0,41.7,OK,25.9,OK_inner
1314.0,41.8,OK,25.9,OK
1316.0,41.5,OK,25.9,OK_inner
1318.0,41.7,OK,25.9,OK_inner
1320.0,41.8,OK,25.9,OK_inner
1322.0,41.5,OK,25.9,OK_inner
1324.0,41.5,OK,25.9,OK_inner
1326.0,41.7,OK,25.9,OK_inner
1328.0,41.5,OK,25.9,OK_inner
1330.0,41.5,OK,25.9,OK_inner
1332.0,41.7,OK,25.9,OK
1334.0,41.4,OK,25.9,OK_inner
1336.0,41.5,OK,25.9,OK_inner
1338.0,41.5,OK,25.9,OK_inner
1340.0,41.4,OK,25.9,OK_inner
1342.0,41.4,OK,26.0,OK_inner
1344.0,41.5,OK,26.0,OK_inner
1346.0,41.4,OK,26.1,OK
1348.0,41.4,OK,26.1,OK
1350.0,41.5,OK,26.1,OK_inner
1352.0,41.2,OK,26.1,OK
1354.0,41.2,OK,26.1,OK_inner
1356.0,41.4,OK,26.1,OK_inner
1358.0,41.2,OK,26.1,OK
1360.0,41.2,OK,26.1,OK
1362.0,41.4,OK,26.1,OK_inner
1364.0,41.2,OK,26.1,OK_inner
1366.0,41.2,OK,26.1,OK
1368.0,41.4,OK,26.1,OK_inner
1370.0,41.2,OK,26.0,OK_inner
1372.0,41.2,OK,26.0,OK_inner
1374.0,41.4,OK,26.1,OK
1376.0,41.2,OK,26.1,OK
1378.0,41.2,OK,26.1,OK
1380.0,41.4,OK,26.1,OK
1382.0,41.2,OK,26.1,OK
1384.0,41.2,OK,26.1,OK_inner
1386.0,41.4,OK,26.1,OK
1388.0,41.1,OK,26.1,OK
1390.0,41.2,OK,26.1,OK_inner
1392.0,41.4,OK,26.1,OK_inner
1394.0,41.1,OK,26.1,image_sweep_check
1396.0,41.1,OK,26.1,OK
1398.0,41.2,OK,26.1,image_sweep_check
1400.0,41.1,OK,26.1,OK
1402.0,41.1,OK,26.1,OK
1404.0,41.2,OK,26.1,OK
1406.0,41.1,OK,26.1,OK
1408.0,41.1,OK,26.1,image_sweep_check
1410.0,41.2,OK,26.1,OK_inner
1412.0,41.1,OK,26.1,OK
1414.0,41.1,OK,26.1,OK
1416.0,41.1,OK,26.1,OK
1418.0,40.9,OK,26.1,OK
1420.0,40.9,OK_inner,26.1,OK_inner
1422.0,41.2,OK,26.1,image_sweep_check
1424.0,40.9,OK,26.1,OK_inner
1426.0,41.1,OK,26.1,OK
1428.0,41.2,OK,26.1,OK
1430.0,40.9,OK,26.1,OK_inner
1432.0,40.9,OK,26.1,OK_inner
1434.0,41.2,OK,26.1,OK
1436.0,40.9,OK,26.1,OK_inner
1438.0,40.9,OK,26.1,OK
1440.0,41.1,OK,26.1,OK
1442.0,40.9,OK,26.1,OK_inner
1444.0,40.9,OK,26.1,OK
1446.0,40.9,OK,26.1,OK_inner
1448.0,40.6,OK,26.1,OK_inner
1450.0,40.8,OK,26.1,OK_inner
1452.0,40.9,OK,26.1,OK
1454.0,40.5,OK,26.1,OK_inner
1456.0,40.8,OK,26.1,OK
1458.0,40.8,OK,26.1,OK
1460.0,40.5,OK,26.1,OK
1462.0,40.8,OK,26.1,OK_inner
1464.0,40.8,OK,26.1,OK
1466.0,40.5,OK,26.1,OK
1468.0,40.8,OK,26.1,OK
1470.0,40.8,OK,26.1,OK
1472.0,40.5,OK,26.1,OK_inner
1474.0,40.6,OK,26.1,OK
1476.0,40.8,OK,26.1,OK_inner
1478.0,40.6,OK,26.1,OK_inner
1480.0,40.8,OK,26.1,OK_inner
1482.0,40.8,OK,26.1,OK
1484.0,40.5,OK,26.1,OK_inner
1486.0,40.6,OK,26.1,OK_inner
1488.0,40.8,OK,26.1,OK
1490.0,40.5,OK,26.1,OK
1492.0,40.6,OK,26.1,OK
1494.0,40.8,OK,26.1,OK
1496.0,40.5,OK,26.1,OK_inner
1498.0,40.8,OK,26.1,OK_inner
1500.0,40.8,OK,26.1,OK
1502.0,40.5,OK,26.1,OK_inner
1504.0,40.8,OK,26.1,OK_inner
1506.0,40.9,OK,26.1,OK_inner
1508.0,40.5,OK,26.1,OK_inner
1510.0,40.8,OK,26.1,OK_inner
1512.0,40.6,OK,26.1,OK
1514.0,40.5,OK,26.1,OK
1516.0,40.6,OK,26.1,OK_inner
1518.0,40.8,OK,26.1,OK
1520.0,40.5,OK,26.1,OK
1522.0,40.6,OK,26.1,OK_inner
1524.0,40.8,OK,26.1,OK
1526.0,40.5,OK,26.1,OK
1528.0,40.6,OK,26.1,OK
1530.0,40.8,OK,26.1,OK
1532.0,40.5,OK,26.1,OK_inner
1534.0,40.6,OK,26.1,OK_inner
1536.0,40.6,OK,26.1,OK_inner
1538.0,40.5,OK,26.1,OK
1540.0,40.6,OK,26.1,OK
1542.0,40.8,OK,26.1,OK
1544.0,40.2,OK_inner,26.2,OK_inner
1546.0,40.5,OK,26.3,OK
1548.0,40.3,OK,26.4,OK_inner
1550.0,40.0,OK,26.5,OK_inner
1552.0,40.0,OK,26.6,OK
1554.0,40.0,OK,26.7,OK_inner
1556.0,39.6,OK,26.8,OK
1558.0,39.7,OK,26.8,OK
1560.0,39.7,OK,26.8,OK_inner
1562.0,39.4,OK,26.9,OK_inner
1564.0,39.7,OK,26.9,OK
1566.0,39.7,OK,26.9,OK
1568.0,39.4,OK,26.9,OK
1570.0,39.7,OK,26.9,OK
1572.0,39.6,OK,26.9,image_sweep_check
1574.0,39.4,OK,26.8,OK_inner
1576.0,39.7,OK,26.8,OK_inner
1578.0,39.6,OK,26.8,OK
1580.0,39.4,OK_inner,26.8,OK
1582.0,39.6,OK,26.8,OK
1584.0,39.6,OK,26.9,OK
1586.0,39.3,OK,26.9,OK
1588.0,39.0,OK,27.0,OK_inner
1590.0,39.6,OK,27.0,OK_inner
1592.0,39.0,OK,27.1,OK_inner
1594.0,39.6,OK_inner,27.1,OK
1596.0,39.0,OK,27.1,OK_inner
1598.0,38.8,OK,27.1,OK_inner
1600.0,38.0,OK,27.2,image_sweep_check
1602.0,39.0,OK_inner,27.2,OK_inner
1604.0,38.8,OK,27.3,OK
1606.0,39.0,OK,27.3,OK
1608.0,38.0,OK,27.3,OK
1610.0,38.0,OK,27.4,OK_inner
1612.0,38.8,OK,27.4,OK_inner
1614.0,38.8,OK,27.3,OK
1616.0,38.6,OK,27.3,OK
1618.0,38.8,OK,27.3,OK
1620.0,38.8,OK,27.3,OK
1622.0,38.5,OK,27.3,OK
1624.0,38.8,OK,27.3,OK
1626.0,38.7,OK_inner,27.3,OK
1628.0,38.6,OK,27.3,OK
1630.0,38.0,OK,27.3,OK
1632.0,38.0,OK,27.4,OK
1634.0,38.4,OK_inner,27.4,OK_inner
1636.0,38.6,OK,27.4,OK_inner
1638.0,38.3,OK,27.4,OK_inner
1642.0,38.4,OK,27.5,OK
1644.0,38.5,OK,27.5,OK
1646.0,38.1,OK,27.6,OK
1648.0,38.2,OK,27.6,image_sweep_check
1650.0,38.4,OK,27.7,image_sweep_check
1652.0,37.9,OK,27.7,OK_inner
1654.0,38.2,OK,27.7,OK_inner
1656.0,38.2,OK,27.7,OK_inner
1658.0,37.9,OK,27.7,OK_inner
1660.0,38.9,image_sweep_check,27.6,OK_inner
1662.0,38.1,OK,27.6,OK_inner
1664.0,37.9,OK,27.6,OK_inner
1666.0,38.9,OK_inner,27.6,OK_inner
1668.0,38.1,OK,27.6,OK_inner
1670.0,37.8,OK,27.6,OK
1672.0,33.9,OK_inner,27.6,OK_inner
1674.0,38.1,OK,27.6,OK
1676.0,37.8,OK,27.6,OK_inner
1678.0,37.9,OK,27.6,OK_inner
1680.0,38.2,OK,27.6,OK_inner
1682.0,37.8,OK,27.6,OK
1684.0,37.9,OK,27.7,image_sweep_check
1688.0,37.8,OK,27.7,image_sweep_check
1690.0,37.0,OK,27.7,image_sweep_check
1692.0,37.8,OK,27.8,OK
1694.0,37.5,OK,27.8,OK
1696.0,37.8,OK,27.8,OK
1698.0,37.8,OK,27.8,OK
1700.0,37.5,OK,27.8,OK
1702.0,37.6,OK,27.8,OK
1704.0,37.8,OK,27.8,OK
1706.0,37.5,OK_inner,27.8,OK_inner
1708.0,37.6,OK,27.8,OK
1710.0,37.6,OK,27.8,OK
1712.0,37.5,OK,27.8,OK
1714.0,37.6,OK,27.8,OK
1716.0,37.8,OK,27.8,OK
1718.0,37.3,OK_inner,27.8,OK
1720.0,37.6,OK,27.8,OK
1722.0,37.6,OK,27.8,OK
1724.0,37.3,OK_inner,27.8,OK
1726.0,37.6,OK,27.8,OK
1728.0,37.6,OK,27.8,OK
1730.0,37.3,OK_inner,27.8,OK
1732.0,37.5,OK,27.8,OK
1734.0,37.6,OK,27.8,OK
1736.0,37.2,OK,27.8,OK
1738.0,37.5,OK,27.8,OK
1740.0,37.5,OK,27.8,OK
1742.0,37.3,OK_inner,27.8,OK
1744.0,37.9,OK,27.8,OK
1746.0,37.6,OK,27.8,OK
1748.0,37.2,OK,27.8,OK
1750.0,37.5,OK_inner,27.8,OK
1752.0,37.6,OK,27.8,OK
1754.0,37.2,OK,27.8,OK
1756.0,37.5,OK,27.8,OK
1758.0,37.5,OK,27.8,OK_inner
1760.0,37.2,OK_inner,27.8,OK
1762.0,37.3,OK,27.8,OK
1764.0,37.5,OK,27.8,OK
1766.0,37.2,OK,27.8,OK
1768.0,37.3,OK_inner,27.8,OK
1770.0,37.5,OK,27.8,OK
1772.0,37.2,OK_inner,27.8,OK
1774.0,37.3,OK_inner,27.8,OK
1776.0,37.5,OK,27.8,OK_inner
1778.0,37.0,OK,27.8,OK
1780.0,37.2,OK_inner,27.8,OK
1782.0,37.5,OK,27.8,OK
1784.0,37.0,OK,27.8,OK
1786.0,37.2,OK_inner,27.9,OK
1788.0,37.2,OK_inner,27.9,OK
1790.0,36.9,OK,27.9,OK
1792.0,37.0,OK,27.9,OK
1794.0,37.0,OK,27.9,OK
1796.0,36.9,OK,27.9,OK_inner
1798.0,37.0,OK,27.9,OK_inner
1800.0,37.3,OK_inner,27.9,OK_inner
1802.0,36.9,OK,27.9,OK
1804.0,37.0,OK_inner,27.9,OK
1806.0,37.3,OK_inner,27.9,OK
1808.0,36.9,OK,27.9,OK_inner
1810.0,37.0,OK,27.9,OK
1812.0,37.3,OK_inner,27.9,OK_inner
1814.0,36.9,OK,27.9,OK_inner
1816.0,37.0,OK,27.9,OK_inner
1818.0,37.0,OK,27.9,OK_inner
1820.0,36.9,OK,27.9,OK_inner
1822.0,37.0,OK,27.9,OK_inner
1824.0,37.2,OK,27.9,OK_inner
1826.0,36.9,OK,27.9,OK
1828.0,37.0,OK_inner,27.9,OK_inner
1830.0,37.0,OK,27.9,OK
1832.0,36.9,OK,27.9,OK
1834.0,37.0,OK_inner,27.9,OK
1836.0,37.0,OK,27.9,OK_inner
1838.0,36.7,OK_inner,27.9,OK_inner
1840.0,36.9,OK,27.9,OK_inner
1842.0,37.2,OK,27.9,OK_inner
1844.0,36.7,OK,27.9,OK
1846.0,36.9,OK,27.9,OK
1848.0,37.2,OK,27.9,OK_inner
1850.0,36.7,OK_inner,27.9,OK_inner
1852.0,36.9,OK,27.9,OK_inner
1854.0,37.2,OK,27.9,OK
1856.0,36.7,OK_inner,27.9,OK
1858.0,36.9,OK,27.9,OK
1860.0,37.0,OK_inner,27.9,OK
1862.0,36.9,OK,27.9,OK
1864.0,36.9,OK,27.9,OK_inner
1866.0,37.2,OK_inner,27.9,OK_inner
1868.0,36.9,OK,27.9,OK_inner
1870.0,36.9,OK,27.9,OK
1872.0,37.0,OK,27.9,OK
1874.0,36.7,OK_inner,27.9,OK
1876.0,36.9,OK,27.9,OK_inner
1878.0,37.2,OK,27.9,OK_inner
1880.0,36.7,OK,27.9,OK
1882.0,36.9,OK,27.9,OK
1884.0,37.2,OK,27.9,OK
1886.0,36.7,OK,27.9,OK_inner
1888.0,36.9,OK,27.9,OK_inner
1890.0,37.2,OK_inner,27.9,OK
1892.0,36.7,OK,27.9,OK_inner
1894.0,36.7,OK,27.9,OK_inner
1896.0,37.0,OK_inner,28.0,OK_inner
1898.0,36.7,OK,28.0,OK_inner
1900.0,36.7,OK,28.0,image_sweep_check
1902.0,37.0,OK,28.0,OK_inner
1904.0,36.7,OK,28.0,OK_inner
1906.0,36.9,OK,28.0,OK_inner
1908.0,37.0,OK,28.0,OK_inner
1910.0,36.7,OK,28.0,OK_inner
1912.0,36.9,OK,28.0,OK_inner
1914.0,37.0,OK_inner,28.0,OK_inner
1916.0,36.7,OK,28.0,OK_inner
1918.0,36.9,OK,28.0,OK_inner
1920.0,37.0,OK_inner,28.0,OK_inner
1922.0,36.7,OK,28.0,OK_inner
1924.0,36.7,OK,28.0,OK_inner
1926.0,37.0,OK,28.0,OK_inner
1928.0,36.6,OK,28.0,OK_inner
1930.0,36.7,OK_inner,28.0,OK_inner
1932.0,37.0,OK_inner,28.0,OK_inner
1934.0,36.7,OK_inner,28.0,OK_inner
1936.0,36.7,OK,28.0,OK_inner
1938.0,37.0,OK_inner,28.0,OK_inner
1940.0,36.6,OK,28.0,OK_inner
1942.0,36.7,OK,28.0,OK_inner
1944.0,36.9,OK,28.0,OK_inner
1946.0,36.7,OK,28.0,OK_inner
1948.0,36.7,OK,28.0,OK_inner
1950.0,37.0,OK_inner,28.0,OK_inner
1952.0,36.6,OK,28.0,OK_inner
1954.0,36.7,OK,28.0,OK_inner
1956.0,37.0,OK_inner,28.0,OK_inner
1958.0,36.6,OK,28.0,OK_inner
1960.0,36.7,OK,28.0,OK_inner
1962.0,37.0,OK_inner,28.0,OK_inner
1964.0,36.7,OK,28.0,OK_inner
1966.0,36.7,OK,28.0,OK_inner
1968.0,37.0,OK_inner,28.0,OK_inner
1970.0,36.6,OK,28.0,OK_inner
1972.0,36.7,OK,28.0,OK_inner
1974.0,36.9,OK,28.0,OK_inner
1976.0,36.6,OK,28.0,OK_inner
1978.0,36.7,OK,28.0,OK_inner
1980.0,36.9,OK_inner,28.0,OK_inner
1982.0,36.6,OK,28.0,OK_inner
1984.0,36.7,OK,28.0,OK_inner
1986.0,36.9,OK_inner,28.0,OK_inner
1988.0,36.6,OK,28.0,OK_inner
1990.0,36.6,OK,28.1,OK
1992.0,36.9,OK,28.1,OK
1994.0,36.3,OK_inner,28.2,OK_inner
1996.0,36.3,OK,28.3,OK
1998.0,36.4,OK_inner,28.5,OK_inner
2000.0,36.0,OK_inner,28.6,OK_inner
2002.0,36.0,OK,28.7,OK_inner
2004.0,36.1,OK,28.7,OK_inner
2006.0,35.7,OK,28.8,OK
2008.0,35.8,OK,28.8,OK
2010.0,36.0,OK_inner,28.9,OK_inner
2012.0,35.7,OK,28.9,image_sweep_check
2014.0,35.7,OK,28.9,OK_inner
2016.0,35.8,OK,28.9,image_sweep_check
2018.0,35.5,OK,28.9,OK_inner
2020.0,35.7,OK,28.9,OK_inner
2022.0,35.8,OK,28.9,OK_inner
2024.0,35.4,OK_inner,28.9,OK_inner
2026.0,35.5,OK,28.9,OK_inner
2028.0,35.7,OK,28.9,OK_inner
2030.0,35.2,OK,29.0,image_sweep_check
2032.0,35.4,OK_inner,29.0,image_sweep_check
2034.0,35.5,OK,29.0,OK_inner
2036.0,35.1,image_sweep_check,29.1,OK_inner
2038.0,35.2,OK,29.1,OK_inner
2040.0,35.2,OK,29.2,OK_inner
2042.0,34.9,OK,29.3,OK_inner
2044.0,34.9,OK,29.3,OK
2046.0,35.1,OK_inner,29.4,OK_inner
2048.0,34.6,OK,29.5,OK_inner
2050.0,34.8,OK,29.4,OK_inner
2052.0,34.9,OK,29.5,OK_inner
2054.0,34.5,OK,29.5,OK_inner
2056.0,34.6,OK,29.5,OK_inner
2058.0,34.6,OK,29.5,OK
2060.0,34.5,OK,29.6,OK_inner
2062.0,34.5,OK,29.6,OK_inner
2064.0,34.8,OK,29.5,OK_inner
2066.0,34.3,OK,29.5,OK_inner
2068.0,34.5,OK,29.5,OK_inner
2070.0,34.6,OK,29.5,OK_inner
2072.0,34.3,OK,29.5,OK_inner
2074.0,34.5,OK,29.5,OK_inner
2076.0,34.5,OK,29.6,OK_inner
2078.0,34.2,OK,29.6,OK_inner
2080.0,34.3,OK,29.6,OK_inner
2082.0,34.5,OK,29.6,OK_inner
2084.0,34.2,OK,29.6,OK_inner
2086.0,34.2,OK,29.6,OK_inner
2088.0,34.3,OK,29.7,OK_inner
2090.0,34.0,OK,29.7,OK_inner
2092.0,34.2,OK,29.8,OK
2094.0,34.2,OK,29.8,OK
2096.0,33.9,OK_inner,29.8,OK
2098.0,34.0,OK,29.9,OK_inner
2100.0,34.2,OK,29.9,OK_inner
2102.0,33.7,OK,29.9,OK_inner
2104.0,33.9,OK_inner,29.9,OK_inner
2106.0,34.0,OK,30.0,OK_inner
2108.0,33.7,OK_inner,30.0,OK_inner
2110.0,33.7,OK,30.0,OK_inner
2112.0,34.0,OK,30.0,OK_inner
2114.0,33.6,OK_inner,29.9,OK_inner
2116.0,33.7,OK,29.9,OK_inner
2118.0,33.9,OK_inner,29.9,OK_inner
2120.0,33.6,OK_inner,29.9,OK_inner
2122.0,33.7,OK,29.9,OK_inner
2124.0,33.9,OK_inner,29.9,OK_inner
2126.0,33.4,OK_inner,29.9,OK_inner
2128.0,33.6,OK,30.0,OK_inner
2130.0,33.7,OK,30.0,OK_inner
2132.0,33.4,OK_inner,30.0,OK_inner
2134.0,33.4,OK_inner,30.0,OK_inner
2136.0,33.7,OK_inner,30.0,OK
2138.0,33.3,OK_inner,30.1,OK
2140.0,33.3,OK_inner,30.1,OK
2142.0,33.6,OK_inner,30.1,OK
2144.0,33.1,image_sweep_check,30.1,OK
2146.0,33.3,OK_inner,30.1,OK
2148.0,33.4,OK_inner,30.1,OK
2150.0,33.1,OK_inner,30.2,image_sweep_check
2152.0,33.3,OK_inner,30.2,OK_inner
2154.0,33.4,OK_inner,30.2,image_sweep_check
2156.0,33.0,OK_inner,30.2,OK_inner
2158.0,33.1,image_sweep_check,30.2,image_sweep_check
2160.0,33.3,OK_inner,30.2,OK_inner
2162.0,33.0,OK_inner,30.2,OK_inner
2164.0,33.1,image_sweep_check,30.2,image_sweep_check
2166.0,33.3,OK_inner,30.2,OK_inner
2168.0,33.0,OK_inner,30.2,OK_inner
2170.0,33.1,image_sweep_check,30.2,image_sweep_check
2172.0,33.1,image_sweep_check,30.2,image_sweep_check
2174.0,33.0,OK_inner,30.2,OK_inner
2176.0,33.1,image_sweep_check,30.2,image_sweep_check
2178.0,33.3,OK_inner,30.2,image_sweep_check
2180.0,32.8,OK,30.2,image_sweep_check
2184.0,33.3,OK_inner,30.2,image_sweep_check
2186.0,33.0,OK_inner,30.2,image_sweep_check
2188.0,33.0,OK_inner,30.2,OK_inner
2190.0,33.1,image_sweep_check,30.2,image_sweep_check
2192.0,32.8,OK,30.2,OK_inner
2194.0,33.0,OK_inner,30.2,OK_inner
2196.0,33.1,image_sweep_check,30.2,image_sweep_check
2198.0,32.8,OK,30.2,image_sweep_check
2200.0,33.0,OK_inner,30.2,OK_inner
2202.0,33.1,image_sweep_check,30.2,image_sweep_check
2204.0,32.8,OK,30.2,OK_inner
2206.0,32.8,OK,30.2,OK_inner
2208.0,33.1,image_sweep_check,30.2,image_sweep_check
2210.0,32.7,OK,30.2,OK_inner
2212.0,32.7,OK,30.3,OK
2214.0,33.0,OK_inner,30.4,OK
2216.0,32.5,OK,30.4,OK
2218.0,32.7,OK,30.5,image_sweep_check
2220.0,32.7,OK,30.5,OK
2222.0,32.4,OK,30.6,OK
2224.0,32.5,OK,30.6,OK_inner
2226.0,32.7,OK,30.6,OK_inner
2228.0,32.4,OK,30.6,OK
2230.0,32.5,OK,30.6,OK_inner
2232.0,32.7,OK,30.6,OK_inner
2234.0,32.4,OK,30.5,OK
2236.0,32.5,OK,30.5,OK
2238.0,32.7,OK,30.5,OK_inner
2240.0,32.4,OK,30.5,OK_inner
2242.0,32.5,OK,30.5,OK_inner
2244.0,32.7,OK,30.5,OK_inner
2246.0,32.4,OK,30.5,OK_inner
2248.0,32.4,OK,30.5,OK_inner
2250.0,32.7,OK,30.6,OK
2252.0,32.2,OK,30.6,OK
2254.0,32.4,OK,30.6,OK_inner
2256.0,32.5,OK,30.6,OK
2258.0,32.2,OK,30.6,OK
2260.0,32.2,OK,30.6,OK_inner
2262.0,32.4,OK,30.6,OK
2264.0,32.2,OK,30.6,OK_inner
2266.0,32.2,OK,30.7,OK_inner
2268.0,32.4,OK,30.7,OK_inner
2270.0,32.1,OK_inner,30.6,OK_inner
2272.0,32.2,OK,30.6,OK
2274.0,32.4,OK,30.6,OK_inner
2276.0,32.1,OK_inner,30.6,OK
2278.0,32.2,OK,30.6,OK_inner
2280.0,32.4,OK,30.6,OK
2282.0,32.1,OK_inner,30.6,OK
2284.0,32.2,OK,30.6,OK
2286.0,32.4,OK,30.6,OK_inner
2288.0,32.1,OK_inner,30.6,OK
2290.0,32.1,OK_inner,30.6,OK
2292.0,32.4,OK,30.6,OK_inner
2294.0,32.1,OK_inner,30.6,OK_inner
2296.0,32.2,OK,30.6,OK_inner
2298.0,32.2,OK,30.7,OK_inner
2300.0,31.9,OK,30.7,OK_inner
2302.0,31.9,OK,30.7,OK_inner
2304.0,32.2,OK,30.7,OK_inner
2306.0,31.9,OK,30.7,OK_inner
2308.0,31.9,OK,30.7,OK_inner
2310.0,32.2,OK,30.8,OK
2312.0,31.9,OK,30.8,OK
2314.0,31.9,OK,30.7,OK_inner
2316.0,32.1,OK_inner,30.7,OK_inner
2318.0,31.9,OK,30.7,OK_inner
2320.0,32.1,OK_inner,30.7,OK_inner
2322.0,32.1,OK_inner,30.7,OK_inner
2324.0,31.8,OK,30.7,OK_inner
2326.0,31.9,OK,30.7,OK_inner
2328.0,32.1,OK_inner,30.7,OK_inner
2330.0,31.8,OK,30.7,OK_inner
2332.0,31.9,OK,30.7,OK_inner
2334.0,32.1,OK_inner,30.7,OK_inner
2336.0,31.8,OK,30.7,OK_inner
2338.0,31.9,OK,30.7,OK_inner
2340.0,32.1,OK_inner,30.7,OK_inner
2342.0,31.8,OK,30.7,OK_inner
2344.0,31.9,OK,30.7,OK_inner
2346.0,32.1,OK_inner,30.7,OK_inner
2348.0,31.8,OK,30.7,OK_inner
2350.0,31.9,OK,30.7,OK_inner
2352.0,32.1,OK,30.7,OK_inner
2354.0,31.8,OK,30.7,OK_inner
2356.0,31.8,OK,30.7,OK_inner
2358.0,32.1,OK_inner,30.7,OK_inner
2360.0,31.6,OK,30.7,OK_inner
2362.0,31.8,OK,30.7,OK_inner
2364.0,32.1,OK_inner,30.7,OK_inner
2366.0,31.8,OK,30.8,OK
2368.0,31.8,OK,30.8,OK
2370.0,31.9,OK,30.9,OK_inner
2372.0,31.5,OK,30.9,OK_inner
2374.0,31.6,OK,31.0,OK
2376.0,31.8,OK,31.1,OK
2378.0,31.3,OK_inner,31.1,OK
2380.0,31.5,OK,31.2,OK_inner
2382.0,31.6,OK,31.2,OK_inner
2384.0,31.3,OK,31.2,OK_inner
2386.0,31.5,OK,31.2,OK_inner
2388.0,31.6,OK,31.2,OK_inner
2390.0,31.3,OK,31.1,OK
2392.0,31.5,OK,31.1,OK
2394.0,31.6,OK,31.1,OK
2396.0,31.2,OK,31.1,OK
2398.0,31.3,OK,31.1,OK
2400.0,31.6,OK,31.1,OK
2402.0,31.3,OK,31.1,OK
2404.0,31.3,OK,31.1,OK
2406.0,31.6,OK,31.1,OK
2408.0,31.3,OK,31.1,OK
2410.0,31.3,OK,31.1,OK
2412.0,31.6,OK,31.1,OK
2414.0,31.2,OK,31.2,OK_inner
2416.0,31.3,OK,31.2,OK_inner
2418.0,31.3,OK_inner,31.3,OK
2420.0,31.0,OK,31.3,OK
2422.0,31.0,OK,31.4,OK
2424.0,31.3,OK,31.4,OK
2426.0,31.0,OK,31.4,OK
2428.0,31.0,OK,31.4,OK
2430.0,31.3,OK,31.4,OK
2432.0,30.9,OK_inner,31.4,OK
2434.0,31.0,OK,31.4,OK
2436.0,31.2,OK,31.4,OK
2438.0,30.9,OK,31.3,OK
2440.0,30.0,OK,31.4,OK
2442.0,31.3,OK,31.4,OK
2444.0,30.9,OK_inner,31.3,OK
2446.0,31.0,OK,31.4,OK
2448.0,31.2,OK,31.4,OK
2450.0,30.0,OK,31.4,OK
2452.0,30.9,OK,31.8,OK
2454.0,31.0,OK,31.4,OK
2456.0,30.9,OK_inner,31.4,OK
2458.0,30.0,OK,31.4,OK
2460.0,31.2,OK,31.4,OK
2462.0,30.7,OK,31.4,OK
2464.0,30.0,OK,31.4,OK
2466.0,31.2,OK,31.4,OK
2468.0,30.9,OK,31.4,OK
2470.0,30.9,image_sweep_check,31.4,OK
2472.0,31.0,OK,31.4,OK
2474.0,30.9,OK_inner,31.4,OK
2476.0,30.0,OK,31.4,OK
2478.0,31.0,OK,31.4,OK
2480.0,30.8,OK,31.4,OK
2482.0,30.9,OK_inner,31.5,OK
2484.0,31.0,OK,31.4,OK
2486.0,30.8,OK,31.4,OK
2488.0,30.8,OK,31.4,OK
2490.0,30.9,OK_inner,31.5,OK
2492.0,30.8,OK,31.5,OK
2494.0,30.6,OK_inner,31.5,OK
2496.0,30.0,OK,31.5,OK
2498.0,30.8,OK,31.5,OK
2500.0,30.8,OK,31.5,OK
2502.0,31.0,OK,31.5,OK
2504.0,30.8,OK,31.5,OK
2506.0,30.8,OK,31.5,OK
2508.0,30.0,OK,31.5,OK
2510.0,30.8,OK,31.5,OK
2512.0,30.8,OK_inner,31.5,OK
2514.0,30.9,OK_inner,31.5,OK
2516.0,30.8,OK_inner,31.5,OK
2518.0,30.8,OK,31.5,OK
2520.0,30.0,OK,31.5,OK
2522.0,30.6,OK,31.5,OK
2524.0,30.6,OK,31.5,OK
2526.0,30.0,OK,31.5,OK
2528.0,30.6,OK,31.5,OK
2530.0,30.7,OK,31.5,OK
2532.0,30.9,OK,31.5,OK
2534.0,30.6,OK,31.5,OK
2536.0,30.4,OK,31.5,OK
2538.0,30.9,OK_inner,31.5,OK
2540.0,30.6,OK,31.5,OK
2542.0,30.6,OK,31.5,OK
2544.0,30.9,OK_inner,31.5,OK
2546.0,30.8,OK,31.5,OK
2548.0,30.8,OK,31.5,OK
2550.0,30.9,OK,31.5,OK
2552.0,30.6,OK,31.5,OK
2554.0,30.6,OK,31.5,OK
2556.0,30.9,OK,31.5,OK
2558.0,30.6,OK,31.5,OK
2560.0,30.8,OK,31.5,OK
2562.0,30.9,OK,31.5,OK
2564.0,30.4,OK_inner,31.5,OK
2566.0,30.6,OK,31.5,OK
2568.0,30.9,OK_inner,31.5,OK
2570.0,30.4,OK_inner,31.5,OK
2572.0,30.6,OK,31.5,OK
2574.0,30.0,OK,31.5,OK
2576.0,30.6,OK,31.5,OK
2578.0,30.4,OK,31.5,OK
2580.0,30.9,OK_inner,31.5,OK
2582.0,30.6,OK,31.5,OK
2584.0,30.4,OK,31.5,OK
2586.0,30.9,OK,31.5,OK
2588.0,30.6,OK,31.5,OK
2590.0,30.4,OK,31.5,OK
2592.0,30.9,OK,31.5,OK
2594.0,30.6,OK,31.5,OK
2596.0,30.6,OK,31.5,OK
2598.0,30.9,OK,31.5,OK
2600.0,30.4,OK_inner,31.5,OK
2602.0,30.6,OK,31.5,OK
2604.0,30.9,OK,31.5,OK
2606.0,30.6,OK,31.5,OK
2608.0,30.6,OK,31.5,OK
2610.0,30.7,OK,31.5,OK
2612.0,30.4,OK_inner,31.6,OK
2614.0,30.4,OK,31.6,OK
2616.0,30.0,OK,31.6,OK
2618.0,30.6,OK,31.6,OK
2620.0,30.4,OK,31.6,OK
2622.0,30.9,OK,31.6,OK
2624.0,30.4,OK_inner,31.6,OK
2626.0,30.8,OK_inner,31.6,OK
2628.0,30.7,OK,31.6,OK
2630.0,30.4,image_sweep_check,31.6,OK
2632.0,30.4,OK,31.6,OK
2634.0,30.8,OK,31.6,OK
2636.0,30.4,OK_inner,31.6,OK
2638.0,30.4,OK,31.6,OK
2640.0,30.0,OK,31.6,OK
2642.0,30.3,OK_inner,31.6,OK
2644.0,30.4,OK,31.6,OK
2646.0,30.6,OK,31.6,OK
2648.0,30.3,OK_inner,31.6,OK
2650.0,30.3,OK,31.6,OK
2652.0,30.7,OK,31.6,OK
2654.0,30.3,OK,31.6,OK
2656.0,30.8,OK,31.6,OK
2658.0,30.7,OK,31.6,OK
2660.0,30.3,OK,31.6,OK
2662.0,30.4,OK,31.6,OK
2664.0,30.7,OK,31.6,OK
2666.0,30.4,OK,31.6,OK
2668.0,30.3,OK,31.6,OK
2670.0,30.6,OK,31.6,OK
2672.0,30.3,OK_inner,31.6,OK
2674.0,30.3,OK,31.6,OK
2676.0,30.6,OK,31.6,OK
2678.0,30.3,OK_inner,31.6,OK
2680.0,30.3,OK,31.6,OK
2682.0,30.7,OK,31.6,OK
2684.0,30.3,OK_inner,31.6,OK
2686.0,30.3,OK,31.6,OK
2688.0,30.7,OK,31.6,OK
2690.0,30.3,OK,31.6,OK
2692.0,30.3,OK,31.6,OK
2694.0,30.7,OK,31.6,OK
2696.0,30.3,OK_inner,31.6,OK
2698.0,30.8,OK,31.6,OK
2700.0,30.7,OK,31.6,OK
2702.0,30.3,OK,31.6,OK
2704.0,30.3,OK,31.6,OK
2706.0,30.6,OK,31.6,OK
2708.0,30.3,OK_inner,31.6,OK
2710.0,30.3,OK,31.6,OK
2712.0,30.6,OK,31.6,OK
2714.0,30.3,OK_inner,31.6,OK
2716.0,30.3,OK_inner,31.6,OK
2718.0,30.6,OK,31.6,OK
2720.0,30.3,OK,31.6,OK
2722.0,30.3,OK,31.6,OK
2724.0,30.6,OK,31.6,OK
2726.0,30.1,OK_inner,31.7,OK_inner
2728.0,30.3,OK,31.8,OK
2730.0,30.6,OK,31.8,OK
2732.0,30.1,OK_inner,31.9,OK
2734.0,30.1,image_sweep_check,31.9,OK
2736.0,30.4,OK_inner,32.0,OK
2738.0,30.0,OK_inner,32.0,OK
2740.0,30.0,OK,32.0,OK
2742.0,30.4,OK,32.0,OK
2744.0,30.1,OK_inner,32.0,OK
2746.0,30.1,OK_inner,32.0,OK
2748.0,30.3,OK_inner,31.9,OK
2750.0,30.1,OK,31.9,OK
2752.0,30.0,OK,31.9,OK
2754.0,30.3,OK,31.9,OK
2756.0,30.0,OK_inner,31.9,OK
2758.0,30.0,OK,31.9,OK
2760.0,30.3,OK,31.9,OK
2762.0,30.0,OK_inner,31.9,OK
2764.0,30.0,OK,31.9,OK
2766.0,30.3,OK_inner,31.9,OK
2768.0,30.0,OK_inner,31.9,OK
2770.0,30.0,OK,32.0,OK
2772.0,30.4,OK,32.0,OK
2774.0,30.0,OK_inner,32.0,OK
2776.0,30.0,OK,32.0,OK
2778.0,30.3,OK_inner,32.0,OK
2780.0,30.0,OK,32.0,OK
2782.0,30.0,OK_inner,32.0,OK
2784.0,30.3,OK_inner,32.0,OK
2786.0,30.0,OK,32.0,OK
2788.0,30.0,OK_inner,32.0,OK
2790.0,30.3,OK,32.0,OK
2792.0,30.0,OK_inner,32.0,OK
2794.0,30.0,OK,32.0,OK
2796.0,30.3,OK,32.0,OK
2798.0,30.0,OK_inner,32.0,OK
2800.0,30.0,OK,32.0,OK
2802.0,30.3,OK_inner,32.0,OK
2804.0,30.0,OK,32.0,OK
2806.0,30.0,OK,32.0,OK
2808.0,30.3,OK,32.0,OK
2810.0,30.0,OK,32.0,OK
2812.0,30.0,OK,32.0,OK
2814.0,30.1,OK_inner,32.0,OK
2816.0,29.8,OK,32.0,OK
2818.0,30.0,OK,32.0,OK
2820.0,30.1,OK_inner,32.0,OK
2822.0,29.8,OK,32.1,OK
2824.0,29.8,OK,32.2,OK_inner
2826.0,30.1,OK,32.3,image_sweep_check
2828.0,29.5,OK,32.4,OK
2830.0,29.4,OK,32.5,OK
2832.0,29.7,OK,32.6,OK
2834.0,29.2,OK,32.7,OK_inner
2836.0,29.2,OK,32.8,OK
2838.0,29.7,OK,32.8,OK
2840.0,29.2,OK,32.9,OK
2842.0,29.2,OK,32.9,OK
2844.0,29.4,OK_inner,32.9,OK
2846.0,29.1,OK_inner,32.9,OK
2848.0,29.1,OK,32.9,OK
2850.0,29.4,OK_inner,32.9,OK
2852.0,29.1,OK,32.9,OK
2854.0,29.1,OK,32.9,OK
2856.0,29.4,OK_inner,32.9,OK
2858.0,28.9,OK_inner,32.9,OK
2860.0,28.9,OK,33.0,OK
2862.0,29.2,OK,33.0,OK_inner
2864.0,28.9,OK,33.0,OK_inner
2866.0,28.9,OK_inner,33.0,OK_inner
2868.0,29.1,OK_inner,33.1,OK
2870.0,28.6,OK,33.2,image_sweep_check
2872.0,28.6,OK,33.2,OK_inner
2874.0,28.9,OK_inner,33.3,image_sweep_check
2876.0,28.6,OK,33.4,OK_inner
2878.0,28.5,OK,33.4,OK_inner
2880.0,28.8,OK,33.4,OK_inner
2882.0,28.5,OK_inner,33.4,OK_inner
2884.0,28.5,OK_inner,33.5,OK_inner
2886.0,28.6,OK,33.5,OK
2888.0,28.3,OK_inner,33.5,OK_inner
2890.0,28.3,OK_inner,33.5,OK
2892.0,28.6,OK,33.5,OK_inner
2894.0,28.2,OK,33.5,OK
2896.0,28.3,OK_inner,33.6,OK_inner
2898.0,28.5,OK_inner,33.6,OK_inner
2900.0,28.2,OK,33.6,OK
2902.0,28.2,OK,33.6,OK
2904.0,28.5,OK_inner,33.6,OK_inner
2906.0,28.2,OK,33.6,OK
2908.0,28.2,OK,33.6,OK_inner
2910.0,28.5,OK_inner,33.7,OK_inner
2912.0,28.0,OK_inner,33.7,OK_inner
2914.0,28.0,OK_inner,33.7,OK_inner
2916.0,28.3,OK_inner,33.7,OK_inner
2918.0,27.9,OK,33.8,OK_inner
2920.0,27.9,OK,33.8,OK_inner
2922.0,28.3,OK_inner,33.8,OK
2924.0,27.9,OK,33.9,OK_inner
2926.0,27.7,OK,33.9,OK_inner
2928.0,28.2,OK,33.9,OK_inner
2930.0,27.7,OK,34.0,OK
2932.0,27.7,OK,34.0,OK
2934.0,28.0,OK_inner,34.0,OK
2936.0,27.7,OK,33.9,OK_inner
2938.0,27.7,OK,33.9,OK
2940.0,28.0,OK_inner,33.9,OK_inner
2942.0,27.7,OK,33.9,OK_inner
2944.0,27.7,OK,33.9,OK_inner
2946.0,28.0,OK_inner,33.9,OK_inner
2948.0,27.6,OK,34.0,OK
2950.0,27.6,OK,34.0,OK
2952.0,28.0,OK_inner,34.0,OK
2954.0,27.6,OK,34.0,OK
2956.0,27.6,OK,34.0,OK
2958.0,27.9,OK,34.0,OK
2960.0,27.6,OK,34.0,OK
2962.0,27.6,OK,34.0,OK
2964.0,27.9,OK,34.0,OK
2966.0,27.4,OK_inner,34.1,OK
2968.0,27.4,OK,34.1,OK
2970.0,27.7,OK,34.1,OK
2972.0,27.4,OK_inner,34.2,image_sweep_check
2974.0,27.4,OK,34.2,OK_inner
2976.0,27.7,OK,34.2,OK_inner
2978.0,27.3,OK,34.2,OK_inner
2980.0,27.3,OK,34.2,OK_inner
2982.0,27.7,OK,34.2,OK_inner
2984.0,27.3,OK,34.2,OK_inner
2986.0,27.3,OK,34.2,OK_inner
2988.0,27.6,OK,34.2,OK_inner
2990.0,27.3,OK,34.2,OK_inner
2992.0,27.3,OK,34.2,OK_inner
2994.0,27.6,OK,34.2,OK_inner
2996.0,27.1,image_sweep_check,34.2,OK_inner
2998.0,27.1,OK_inner,34.2,OK_inner
3000.0,27.6,OK,34.2,OK_inner
3002.0,27.1,OK_inner,34.2,OK_inner
3004.0,27.1,image_sweep_check,34.2,OK_inner
3006.0,27.4,OK,34.2,OK_inner
3008.0,27.1,OK_inner,34.2,OK
3010.0,27.1,OK_inner,34.2,OK_inner
3012.0,27.4,OK_inner,34.2,OK_inner
3014.0,27.1,OK_inner,34.2,OK_inner
3016.0,27.1,OK_inner,34.2,image_sweep_check
3018.0,27.4,OK_inner,34.2,OK_inner
3020.0,27.1,image_sweep_check,34.2,OK_inner
3022.0,27.1,image_sweep_check,34.2,OK_inner
3024.0,27.3,OK,34.2,OK_inner
3026.0,27.0,OK,34.2,OK_inner
3028.0,27.1,image_sweep_check,34.2,OK_inner
3030.0,27.3,OK,34.2,OK_inner
3032.0,27.0,OK,34.3,OK
3034.0,27.0,OK,34.4,OK
3036.0,27.1,OK_inner,34.4,OK
3038.0,26.7,OK,34.5,OK
3040.0,26.7,OK,34.6,OK
3042.0,27.0,OK,34.7,OK_inner
3044.0,26.5,OK,34.8,OK
3046.0,26.5,OK,34.9,OK
3048.0,26.8,OK,34.9,OK
3050.0,26.4,OK_inner,35.0,image_sweep_check
3052.0,26.4,OK,35.0,OK_inner
3054.0,26.7,OK,35.1,OK
3058.0,26.4,image_sweep_check,35.0,OK_inner
3060.0,26.7,OK,35.0,OK_inner
3062.0,26.4,OK_inner,35.0,OK_inner
3064.0,26.4,OK_inner,34.9,OK
3066.0,26.7,OK,34.9,OK
3068.0,26.2,OK,34.9,OK
3070.0,26.2,OK,34.9,OK
3072.0,26.7,OK,35.0,OK_inner
3074.0,26.2,OK,35.0,OK_inner
3076.0,26.2,OK,35.1,OK_inner
3078.0,26.4,OK_inner,35.1,OK
3080.0,26.1,image_sweep_check,55.2,image_sweep_check
3082.0,26.1,image_sweep_check,35.3,OK
3086.0,25.9,image_sweep_check,35.4,OK_inner
3102.0,25.9,image_sweep_check,35.6,OK_inner
3104.0,25.6,OK_inner,35.6,OK_inner
3108.0,25.9,image_sweep_check,35.6,OK_inner
3110.0,25.6,OK_inner,35.6,OK_inner
3112.0,25.6,OK_inner,35.6,OK_inner
3114.0,25.8,OK,35.6,OK_inner
3116.0,25.5,OK,35.6,OK_inner
3118.0,25.6,OK_inner,35.6,OK_inner
3120.0,25.9,OK_inner,35.6,OK_inner
3122.0,25.5,image_sweep_check,35.6,OK_inner
3124.0,25.5,OK,35.7,image_sweep_check
3126.0,25.8,OK,35.7,OK_inner
3128.0,25.5,OK,35.7,OK_inner
3130.0,25.5,OK,35.7,OK_inner
3132.0,25.8,OK,35.7,OK_inner
3134.0,25.3,OK_inner,35.8,image_sweep_check
3136.0,25.3,image_sweep_check,35.8,OK
3148.0,25.2,OK,35.9,image_sweep_check
3156.0,25.5,image_sweep_check,35.9,image_sweep_check
3164.0,25.2,OK,35.9,image_sweep_check
3168.0,28.1,image_sweep_check,36.0,OK
3170.0,26.3,OK_inner,36.0,OK_inner
3172.0,24.7,OK,36.0,OK
3174.0,24.6,OK,36.0,OK
3176.0,23.4,OK,36.0,OK
3178.0,23.2,OK,36.1,OK
3180.0,24.8,OK,36.1,OK
3182.0,24.9,OK,36.1,OK
3184.0,24.7,OK,36.1,OK
3186.0,24.8,OK,36.1,image_sweep_check
3188.0,24.9,OK,36.1,OK
3190.0,24.7,OK,36.1,OK
3192.0,24.8,OK,36.1,OK
3194.0,24.8,OK,36.1,OK_inner
3196.0,24.7,OK,36.1,OK
3198.0,24.8,OK,36.1,OK
3200.0,24.8,OK,36.1,OK
3202.0,24.7,OK,36.1,OK
3204.0,24.7,OK,36.1,OK
3206.0,24.8,OK,36.1,OK
3208.0,24.7,OK,36.1,OK
3210.0,24.7,OK,36.1,OK
3212.0,24.7,OK,36.1,OK
3214.0,24.5,OK,36.2,OK_inner
3216.0,24.5,OK,36.3,OK
3218.0,24.5,OK,36.4,OK_inner
3220.0,24.3,OK,36.5,OK
3222.0,24.3,OK,36.6,OK
3224.0,24.3,OK,36.7,image_sweep_check
3226.0,24.2,OK,36.7,OK_inner
3228.0,24.2,image_sweep_check,36.7,image_sweep_check
3230.0,24.2,OK,36.7,OK_inner
3232.0,24.1,image_sweep_check,36.7,OK_inner
3234.0,24.2,OK,36.7,image_sweep_check
3236.0,24.2,OK,36.7,OK_inner
3238.0,24.1,image_sweep_check,36.7,image_sweep_check
3240.0,24.2,OK,36.7,image_sweep_check
3242.0,24.2,OK,36.7,OK_inner
3244.0,24.1,OK,36.7,OK_inner
3246.0,24.1,OK_inner,36.7,OK_inner
3248.0,24.2,OK,36.7,OK_inner
3250.0,24.0,OK,36.7,OK_inner
3252.0,24.1,OK_inner,36.8,OK
3254.0,24.1,OK_inner,36.8,OK
3256.0,23.9,OK_inner,36.9,OK
3258.0,23.9,OK_inner,36.9,OK
3260.0,24.0,OK,36.9,OK
3262.0,23.8,OK,37.0,OK
3264.0,23.9,OK,37.0,OK
3266.0,23.9,OK_inner,37.1,OK
3268.0,23.8,OK,37.1,OK
3270.0,23.8,OK,37.1,OK
3272.0,23.9,OK,37.1,OK
3274.0,23.0,OK,37.1,OK
3276.0,23.8,OK_inner,37.1,OK
3278.0,23.8,OK,37.1,OK
3280.0,23.6,OK,37.1,OK
3282.0,23.8,OK,37.1,OK
3284.0,23.8,OK,37.1,OK
3286.0,23.6,OK,37.1,OK
3288.0,23.8,OK_inner,37.1,OK
3290.0,23.8,OK,37.1,OK
3292.0,23.6,OK,37.1,OK
3294.0,23.6,OK,37.1,OK
3296.0,23.8,OK,37.1,OK
3298.0,23.6,OK,37.1,OK
3300.0,23.6,OK,37.1,OK
3302.0,23.7,OK_inner,37.2,OK_inner
3304.0,23.6,OK,37.2,OK_inner
3306.0,23.6,OK,37.2,OK_inner
3308.0,23.6,OK_inner,37.3,OK
3310.0,23.0,OK,37.3,image_sweep_check
3312.0,23.4,OK,37.3,OK
3314.0,23.5,OK,37.3,OK
3316.0,23.5,OK,37.3,OK_inner
3318.0,23.5,OK_inner,37.4,OK
3320.0,23.5,OK,37.4,OK
3322.0,23.3,OK_inner,37.4,OK_inner
3324.0,23.4,OK_inner,37.4,OK
3326.0,23.5,OK,37.4,OK
3328.0,23.3,OK_inner,37.4,OK
3330.0,23.6,OK,37.4,OK
3332.0,23.6,OK,37.4,OK_inner
3334.0,23.3,OK,37.4,OK
3336.0,23.3,OK_inner,37.4,OK
3338.0,23.4,OK_inner,37.4,OK
3340.0,23.3,OK_inner,37.4,OK
3342.0,23.3,OK_inner,37.4,OK
3344.0,23.4,OK_inner,37.4,OK
3346.0,23.3,OK_inner,37.4,OK
3348.0,23.2,OK_inner,37.4,OK
3350.0,23.3,OK_inner,37.4,OK
3352.0,23.3,OK_inner,37.4,OK
3354.0,23.2,OK,37.4,OK
3356.0,23.3,OK_inner,37.4,OK
3358.0,23.3,OK_inner,37.5,OK
3360.0,23.2,OK,37.5,OK
3362.0,23.3,OK_inner,37.4,OK
3364.0,23.3,OK_inner,37.5,OK
3366.0,23.2,OK,37.5,OK
3368.0,23.3,OK_inner,37.5,OK
3370.0,23.2,OK,37.5,OK
3372.0,23.2,OK,37.5,OK
3374.0,23.3,OK_inner,37.5,OK
3376.0,23.3,OK_inner,37.5,OK
3378.0,23.2,OK,37.5,OK
3380.0,23.2,OK_inner,37.5,OK
3382.0,23.2,OK,37.5,OK
3384.0,23.2,OK,37.5,OK
3386.0,23.3,OK_inner,37.5,OK
3388.0,23.2,OK,37.5,OK
3390.0,23.2,OK,37.5,OK
3392.0,23.2,OK,37.5,OK
3394.0,23.2,OK,37.5,OK
3396.0,23.1,image_sweep_check,37.5,OK
3398.0,23.2,OK,37.5,OK
3400.0,23.2,OK_inner,37.5,OK
3402.0,23.0,image_sweep_check,37.5,OK
3404.0,23.2,OK,37.5,OK
3406.0,23.2,OK,37.5,OK
3408.0,23.0,OK_inner,37.5,OK
3410.0,23.2,OK,37.5,OK
3412.0,23.0,OK_inner,37.5,OK
3414.0,23.0,OK_inner,37.5,OK
3416.0,23.2,OK,37.5,OK
3418.0,23.0,OK_inner,37.5,OK
3420.0,23.0,OK_inner,37.5,OK
3422.0,23.2,OK,37.5,OK
3424.0,23.0,OK_inner,37.5,OK
3426.0,23.0,OK_inner,37.5,OK
3428.0,23.2,OK,37.5,OK
3430.0,23.0,OK_inner,37.5,OK
3432.0,23.0,OK_inner,37.5,OK
3434.0,23.1,OK_inner,37.5,OK
3436.0,23.0,OK_inner,37.5,OK
3438.0,23.0,OK_inner,37.5,OK
3440.0,23.1,OK_inner,37.5,OK
3442.0,23.0,OK_inner,37.5,OK
3444.0,23.0,OK_inner,37.5,OK
3446.0,23.1,OK_inner,37.5,OK
3448.0,23.0,OK_inner,37.5,OK
3450.0,23.0,OK_inner,37.5,OK
3452.0,23.1,OK_inner,37.5,OK
3454.0,23.2,OK_inner,37.5,OK
3456.0,23.0,OK_inner,37.5,OK
3458.0,23.1,OK_inner,37.5,OK
3460.0,23.0,OK_inner,37.6,OK
3462.0,23.9,OK,37.6,OK
3464.0,23.0,OK_inner,37.6,OK
3466.0,23.0,OK,37.6,OK
3468.0,22.9,OK_inner,37.6,OK
3470.0,23.0,OK_inner,37.6,OK
3472.0,23.0,OK,37.6,OK
3474.0,23.9,OK,37.6,OK
3476.0,23.0,OK_inner,37.6,OK
3478.0,23.0,OK_inner,37.6,OK
3480.0,23.9,OK,37.6,OK
3482.0,23.0,OK_inner,37.6,OK
3484.0,23.0,OK,37.6,OK
3486.0,22.9,OK_inner,37.6,OK
3488.0,23.0,OK_inner,37.6,OK
3490.0,23.0,OK_inner,37.6,OK
3492.0,22.9,OK_inner,37.6,OK
3494.0,23.0,OK_inner,37.6,OK
3496.0,23.0,OK_inner,37.6,OK
3498.0,23.0,OK,37.6,OK
3500.0,23.0,OK,37.6,OK
3502.0,23.0,OK_inner,37.6,OK
3504.0,22.9,OK_inner,37.6,OK
3506.0,23.0,OK_inner,37.6,OK
3508.0,23.0,OK,37.6,OK
3510.0,22.9,OK_inner,37.6,OK
3512.0,23.0,OK_inner,37.6,OK
3514.0,23.0,OK,37.6,OK
3516.0,22.9,OK_inner,37.6,OK
3518.0,23.0,OK_inner,37.6,OK
3520.0,23.0,OK,37.6,OK
3522.0,22.9,OK_inner,37.6,OK
3524.0,23.0,OK_inner,37.6,OK
3526.0,23.0,OK,37.6,OK
3528.0,22.9,OK,37.6,OK
3530.0,23.0,OK_inner,37.6,OK
3532.0,23.0,OK,37.6,OK
3534.0,22.9,OK,37.6,OK
3536.0,23.0,OK_inner,37.6,OK
3538.0,23.0,OK,37.6,OK
3540.0,22.9,OK_inner,37.6,OK
3542.0,23.0,OK_inner,37.6,OK
3544.0,23.0,OK_inner,37.6,OK
3546.0,22.9,OK_inner,37.6,OK
3548.0,23.0,OK_inner,37.6,OK
3550.0,23.0,OK,37.6,OK
3552.0,22.9,OK_inner,37.6,OK
3554.0,23.0,OK_inner,37.6,OK
3556.0,23.0,OK,37.6,OK
3558.0,22.9,OK_inner,37.6,OK
3560.0,23.0,OK_inner,37.5,OK
3562.0,23.0,OK,37.5,OK
3564.0,22.9,OK,37.6,OK
3566.0,23.0,OK_inner,37.6,OK
3568.0,23.0,OK,37.6,OK
3570.0,22.9,OK_inner,37.6,OK
3572.0,23.0,OK_inner,37.6,OK
3574.0,23.0,OK,37.7,OK_inner
3576.0,22.9,OK_inner,37.7,OK_inner
3578.0,22.9,OK,37.7,OK_inner
3580.0,23.0,OK,37.7,OK_inner
3582.0,22.9,OK_inner,37.7,OK_inner
3584.0,22.9,OK,37.7,OK_inner
3586.0,23.0,OK_inner,37.7,OK_inner
3588.0,22.8,OK,37.7,OK_inner
3590.0,22.9,OK,37.7,OK_inner
3592.0,23.0,OK,37.7,OK_inner
3594.0,22.9,OK_inner,37.7,OK_inner
3596.0,2.9,OK,57.7,image_sweep_check
3598.0,23.0,OK,37.6,OK
3600.0,22.9,OK,57.7,OK_inner
3602.0,22.9,image_sweep_check,37.7,image_sweep_check
3604.0,23.0,OK,37.6,OK
3606.0,22.9,OK_inner,37.6,OK
3608.0,22.9,OK_inner,37.6,OK
3610.0,23.0,OK,37.6,OK
3612.0,22.9,OK_inner,37.7,OK_inner
3614.0,22.9,OK_inner,37.7,OK_inner
3616.0,22.9,OK,37.8,OK_inner
3618.0,22.7,OK,37.8,OK
3620.0,22.8,OK,37.9,OK
3622.0,22.9,OK,37.9,OK
3624.0,22.7,OK,37.9,OK
3626.0,22.8,OK,37.9,OK
3628.0,22.9,OK,37.9,OK
3630.0,22.7,OK,37.8,OK
3632.0,22.8,OK,37.9,OK
3634.0,22.9,OK,37.8,OK
3636.0,22.7,OK,37.8,OK
3638.0,22.8,OK,37.8,OK
3640.0,22.9,OK,37.8,OK
3642.0,22.7,OK,37.8,OK
3644.0,22.8,OK,37.8,OK
3646.0,22.9,OK,37.8,OK
3648.0,22.7,OK,37.8,OK
3650.0,22.8,OK,37.8,OK
3652.0,22.9,OK,37.8,OK
3654.0,22.7,OK,37.9,OK
3656.0,22.7,OK,37.9,OK
3658.0,22.9,OK_inner,37.9,OK
3660.0,22.7,OK,37.9,OK
3662.0,22.7,OK_inner,37.9,OK
3664.0,22.8,OK,37.9,OK
3666.0,22.7,OK,37.9,OK
3668.0,22.7,OK_inner,37.9,OK
3670.0,22.8,OK,37.9,OK
3672.0,22.7,OK,37.9,OK
3674.0,22.7,OK_inner,37.9,OK
3676.0,22.8,OK,37.9,OK
3678.0,22.7,OK,37.8,OK
3680.0,22.7,OK,37.8,OK
3682.0,22.9,OK,37.9,OK
3684.0,22.7,OK,37.8,OK
3686.0,22.7,OK,37.8,OK
3688.0,22.8,OK,37.8,OK
3690.0,22.7,OK,37.8,OK
3692.0,22.7,OK_inner,37.8,OK
3694.0,22.9,OK,37.8,OK
3696.0,22.7,OK,37.8,OK
3698.0,22.7,OK,37.8,OK
3700.0,22.9,OK,37.8,OK
3702.0,22.7,OK,37.8,OK
3704.0,22.7,OK_inner,37.8,OK
3706.0,22.9,OK,37.8,OK
3708.0,22.7,OK,37.8,OK
3710.0,22.7,OK,37.8,OK
3712.0,22.9,OK,37.8,OK
3714.0,22.7,OK,37.8,OK
3716.0,22.7,OK_inner,37.8,OK
3718.0,22.9,OK,37.8,OK
3720.0,22.7,OK,37.8,OK
3722.0,22.7,OK,37.8,OK
3724.0,22.8,OK,37.8,OK
3726.0,22.7,OK,37.9,OK
3728.0,22.7,OK,37.9,OK
3730.0,22.8,OK,37.9,OK
3732.0,22.6,OK,37.9,OK
3734.0,22.7,OK,37.9,OK
3736.0,22.8,OK,37.9,OK
3738.0,22.6,OK,37.9,OK
3740.0,22.7,OK,37.9,OK
3742.0,22.8,OK,37.9,OK
3744.0,22.7,OK,37.9,OK
3746.0,22.7,OK,37.9,OK
3748.0,22.8,OK,37.9,OK
3750.0,22.7,OK,37.9,OK
3752.0,22.7,OK,37.9,OK_inner
3754.0,22.8,OK,37.9,OK
3756.0,22.7,OK,37.9,OK
3758.0,22.7,OK,37.9,OK
3760.0,22.8,OK,37.9,OK
3762.0,22.6,OK,37.9,OK
3764.0,22.7,OK,37.9,OK
3766.0,22.8,OK,37.9,OK
3768.0,22.7,OK,37.9,OK
3770.0,22.7,OK,37.9,OK
3772.0,22.8,OK,37.9,OK
3774.0,22.7,OK,37.9,OK_inner
3776.0,22.7,OK,37.9,OK
3778.0,22.8,OK,37.9,OK
3780.0,22.7,OK_inner,37.9,OK_inner
3782.0,22.7,OK,37.9,OK
3784.0,22.8,OK,37.9,OK
3786.0,22.7,OK,37.9,OK
3788.0,22.7,OK,37.9,OK
3790.0,22.8,OK,37.9,OK
3792.0,22.7,OK,37.9,OK
3794.0,22.7,OK,37.9,OK
3796.0,22.8,OK,37.9,OK
3798.0,22.7,OK,37.9,OK
3800.0,22.7,OK,37.9,OK_inner
3802.0,22.8,OK,37.9,OK
3804.0,22.7,OK,37.9,OK
3806.0,22.7,OK,37.9,OK
3808.0,22.8,OK,37.9,OK
3810.0,22.7,OK,37.9,OK
3812.0,22.7,OK_inner,37.9,OK
3814.0,22.8,OK,37.9,OK
3816.0,22.7,OK,37.9,OK
3818.0,22.7,OK,37.9,OK_inner
3820.0,22.8,OK,37.9,OK
3822.0,22.7,OK,37.9,OK_inner
3824.0,22.7,OK,37.8,OK
3826.0,22.8,OK,37.9,OK
3828.0,22.7,OK,37.8,OK
3830.0,22.7,OK,37.8,OK
3832.0,22.9,OK,37.8,OK
3834.0,22.7,OK,37.9,OK
3836.0,22.7,OK,37.9,OK
3838.0,22.9,OK,37.8,OK
3840.0,22.7,OK,37.8,OK
3842.0,22.7,OK,37.8,OK
3844.0,22.9,OK,37.8,OK
3846.0,22.7,OK,37.8,OK
3848.0,22.7,OK,37.8,OK
3850.0,22.9,OK,37.8,OK
3852.0,22.7,OK,37.8,OK
3854.0,22.7,OK,37.8,OK
3856.0,22.9,OK,37.8,OK
3858.0,22.7,OK,37.8,OK
3860.0,22.7,OK,37.8,OK
3862.0,22.9,OK,37.8,OK
3864.0,22.7,OK,37.8,OK
3866.0,22.7,OK,37.8,OK
3868.0,22.9,OK_inner,37.8,OK
3870.0,22.7,OK,37.8,OK
3872.0,22.7,OK,37.8,OK
3874.0,22.9,OK_inner,37.8,OK
3876.0,22.7,OK,37.8,OK
3878.0,22.7,OK,37.8,OK
3880.0,22.8,OK,37.8,OK
3882.0,22.7,OK,37.8,OK
3884.0,22.7,OK,37.8,OK
3886.0,22.9,OK_inner,37.8,OK
3888.0,22.7,OK,37.8,OK
3890.0,22.7,OK,37.8,OK
3892.0,22.9,OK,37.8,OK
3894.0,22.7,OK,37.8,OK
3896.0,22.7,OK,37.8,OK
3898.0,22.9,OK_inner,37.8,OK
3900.0,22.7,OK,37.8,OK
3902.0,22.7,OK,37.8,OK
3904.0,22.9,OK_inner,37.8,OK
3906.0,22.7,OK,37.8,OK
3908.0,22.7,OK,37.8,OK
3910.0,22.9,OK_inner,37.8,OK
3912.0,22.7,OK,37.8,OK
3914.0,22.7,OK_inner,37.8,OK
3916.0,22.9,OK,37.8,OK
3918.0,22.7,OK,37.8,OK
3920.0,22.7,OK,37.8,OK
3922.0,22.9,OK,37.8,OK
3924.0,22.7,OK,37.8,OK
3926.0,22.7,OK,37.8,OK
3928.0,22.9,OK_inner,37.8,OK
3930.0,22.7,OK,37.8,OK
3932.0,22.7,OK,37.8,OK
3934.0,22.9,OK,37.8,OK
3936.0,22.8,OK,37.8,OK
3938.0,22.7,OK,37.8,OK
3940.0,22.9,OK_inner,37.8,OK
3942.0,22.8,OK,37.8,OK
3944.0,22.7,OK,37.8,OK
3946.0,22.9,OK_inner,37.8,OK
3948.0,22.8,OK,37.8,OK
3950.0,22.8,OK,37.8,OK
3952.0,22.9,OK_inner,37.8,OK
3954.0,22.8,OK,37.8,OK
3956.0,22.8,OK,37.8,OK
3958.0,22.9,OK,37.8,OK
3960.0,22.8,OK,37.8,OK
3962.0,22.7,OK,37.8,OK
3964.0,22.9,OK_inner,37.8,OK
3966.0,22.8,OK,37.8,OK
3968.0,22.7,OK,37.8,OK
3970.0,22.9,OK,37.8,OK
3972.0,22.8,OK,37.8,OK
3974.0,22.8,OK,37.8,OK
3976.0,22.9,OK_inner,37.7,OK_inner
3978.0,22.9,OK_inner,37.8,OK
3980.0,22.8,OK,37.7,OK_inner
3982.0,22.9,OK_inner,37.8,OK_inner
3984.0,22.8,OK,37.8,OK
3986.0,22.8,OK,37.8,OK
3988.0,22.9,OK,37.7,OK_inner
3990.0,22.9,OK,37.8,OK_inner
3992.0,22.8,OK,37.7,OK_inner
3994.0,22.9,OK,37.7,OK_inner
3996.0,22.9,OK_inner,37.7,OK_inner
3998.0,22.8,OK,37.8,OK
4000.0,22.9,OK_inner,37.8,OK
4002.0,22.9,OK,37.7,OK_inner
4004.0,22.8,OK,37.7,OK_inner
4006.0,22.9,OK_inner,37.7,OK_inner
4008.0,22.9,OK_inner,37.7,OK_inner
4010.0,22.8,OK,37.7,OK_inner
4012.0,22.9,OK_inner,37.7,OK_inner
4014.0,22.9,OK_inner,37.7,OK_inner
4016.0,22.8,OK,37.8,OK
4018.0,23.0,OK_inner,37.8,OK
4020.0,22.9,OK_inner,37.7,OK_inner
4022.0,22.9,OK_inner,37.7,OK_inner
4024.0,22.9,OK_inner,37.7,OK_inner
4026.0,22.9,OK,37.7,OK_inner
4028.0,22.8,OK,37.7,OK_inner
4030.0,22.9,OK_inner,37.7,OK_inner
4032.0,22.9,OK_inner,37.7,OK_inner
4034.0,22.8,OK,37.7,OK_inner
4036.0,22.9,OK_inner,37.7,OK_inner
4038.0,2.9,OK,37.7,OK_inner
4040.0,22.8,OK,37.7,OK_inner
4042.0,23.0,OK,37.7,OK_inner
4044.0,22.9,OK_inner,37.7,OK_inner
4046.0,22.9,OK,37.7,OK_inner
4048.0,23.0,OK,37.7,OK_inner
4050.0,22.9,OK_inner,37.7,OK_inner
4052.0,22.8,OK,37.7,OK_inner
4054.0,22.9,OK,37.7,OK_inner
4056.0,2.9,OK,37.7,OK_inner
4058.0,22.9,OK,37.7,OK_inner
4060.0,23.0,OK_inner,37.7,OK_inner
4062.0,2.9,OK,37.7,OK_inner
4064.0,22.9,OK,37.7,OK_inner
4066.0,23.0,OK_inner,37.7,OK_inner
4068.0,22.9,OK_inner,37.7,OK_inner
4070.0,22.9,OK,37.7,OK_inner
4072.0,23.0,OK_inner,37.7,OK_inner
4074.0,22.9,OK,37.7,OK_inner
4076.0,22.9,OK,37.7,OK_inner
4078.0,23.0,OK,37.7,OK_inner
4080.0,22.9,OK_inner,37.7,OK_inner
4082.0,22.9,OK,37.7,OK_inner
4084.0,23.0,OK_inner,37.7,OK_inner
4086.0,2.9,OK,37.7,OK_inner
4088.0,22.9,OK,37.7,OK_inner
4090.0,23.0,OK_inner,37.7,OK_inner
4092.0,22.9,OK_inner,37.7,OK_inner
4094.0,22.9,OK_inner,37.7,OK_inner
4096.0,23.0,OK_inner,37.7,OK_inner
4098.0,23.0,OK_inner,37.7,OK_inner
4100.0,22.9,OK_inner,37.7,OK_inner
4102.0,23.0,OK_inner,37.7,OK_inner
4104.0,23.0,OK_inner,37.7,OK_inner
4106.0,22.9,OK_inner,37.7,OK_inner
4108.0,23.0,OK_inner,37.7,OK_inner
4110.0,23.0,OK_inner,37.7,OK_inner
4112.0,22.9,OK_inner,37.7,OK_inner
4114.0,23.0,OK_inner,37.7,OK_inner
4116.0,23.0,OK_inner,37.7,OK_inner
4118.0,22.9,OK_inner,37.7,OK_inner
4120.0,23.0,OK_inner,37.7,OK_inner
4122.0,23.0,OK_inner,37.7,OK_inner
4124.0,23.0,OK,37.7,OK_inner
4126.0,23.0,OK_inner,37.7,OK_inner
4128.0,23.0,OK_inner,37.7,OK_inner
4130.0,23.9,OK_inner,37.7,OK_inner
4132.0,23.0,OK_inner,37.7,OK_inner
4134.0,23.0,OK_inner,37.7,OK_inner
4136.0,23.0,OK,37.7,OK_inner
4138.0,23.0,OK_inner,37.7,OK_inner
4140.0,23.0,OK_inner,37.7,OK_inner
4142.0,23.0,OK_inner,37.7,OK_inner
4144.0,23.0,OK_inner,37.7,OK_inner
4146.0,23.0,OK_inner,37.7,OK_inner
4148.0,23.0,OK_inner,37.7,OK_inner
4150.0,23.0,OK_inner,37.7,OK_inner
4152.0,23.0,OK_inner,37.7,OK_inner
4154.0,23.0,OK_inner,37.7,OK_inner
4156.0,23.0,OK_inner,37.7,OK_inner
4158.0,23.0,OK_inner,37.7,OK_inner
4160.0,23.0,OK_inner,37.7,OK_inner
4162.0,23.0,OK_inner,37.7,OK_inner
4164.0,23.0,OK_inner,37.8,OK_inner
4166.0,23.0,OK_inner,37.7,OK_inner
4168.0,23.0,OK_inner,37.8,OK_inner
4170.0,23.0,OK_inner,37.6,OK
4172.0,23.0,OK_inner,37.7,OK_inner
4174.0,23.0,OK_inner,37.6,OK
4176.0,23.0,OK,37.7,OK_inner
4178.0,23.0,OK_inner,37.7,OK_inner
4180.0,23.0,OK_inner,37.7,OK_inner
4182.0,23.0,image_sweep_check,37.8,OK_inner
4184.0,23.0,OK_inner,37.7,OK_inner
4186.0,23.0,OK_inner,37.7,image_sweep_check
4188.0,23.0,OK_inner,37.7,OK_inner
4190.0,23.0,OK_inner,37.6,OK
4192.0,23.0,OK_inner,37.6,OK
4194.0,23.1,OK_inner,37.6,OK
4196.0,23.0,OK_inner,37.6,OK
4198.0,23.0,OK_inner,37.6,OK
4200.0,23.0,OK_inner,37.6,OK
4202.0,23.0,OK_inner,37.6,OK
4204.0,23.0,OK_inner,37.6,OK
4206.0,23.1,OK_inner,37.6,OK
4208.0,23.0,OK_inner,37.6,OK
4210.0,23.0,OK_inner,37.6,OK
4212.0,23.1,OK_inner,37.6,OK
4214.0,23.0,OK_inner,37.6,OK
4216.0,23.0,OK_inner,37.6,OK
4218.0,23.1,OK_inner,37.6,OK
4220.0,23.0,OK_inner,37.6,OK
4222.0,23.0,OK_inner,37.6,OK
4224.0,23.1,OK_inner,37.6,OK
4226.0,23.0,OK_inner,37.6,OK
4228.0,23.0,OK_inner,37.6,OK
4230.0,23.1,image_sweep_check,37.6,OK
4232.0,23.0,OK_inner,37.6,OK
4234.0,23.0,OK_inner,37.6,OK
4236.0,23.1,OK_inner,37.6,OK
4238.0,23.0,OK_inner,37.6,OK
4240.0,23.0,OK_inner,37.6,OK
4242.0,23.1,OK_inner,37.6,OK
4244.0,23.0,OK_inner,37.6,OK
4246.0,23.0,OK,37.6,OK
4248.0,23.1,OK_inner,37.6,OK
4250.0,23.0,OK_inner,37.6,OK
4252.0,23.0,OK_inner,37.6,OK
4254.0,23.1,OK_inner,37.6,OK
4256.0,23.0,OK_inner,37.6,OK
4258.0,23.0,image_sweep_check,37.6,OK
4260.0,23.1,image_sweep_check,37.6,OK
4262.0,23.1,OK_inner,37.6,OK
4264.0,23.0,image_sweep_check,37.6,OK
4266.0,23.2,OK,37.6,OK
4268.0,23.1,image_sweep_check,37.6,OK
4270.0,23.0,image_sweep_check,37.6,OK
4272.0,23.2,OK,37.6,OK
4274.0,23.0,OK_inner,37.6,OK
4276.0,23.1,OK_inner,37.6,OK
4278.0,23.2,OK,37.6,OK
4280.0,23.1,image_sweep_check,37.6,OK
4282.0,23.1,OK_inner,37.6,OK
4284.0,23.2,OK,37.6,OK
4286.0,23.0,OK_inner,37.6,OK
4288.0,23.1,OK_inner,37.6,OK
4290.0,23.2,OK,37.6,OK
4292.0,23.2,OK,37.6,OK
4294.0,23.1,OK_inner,37.6,OK
4296.0,23.2,OK,37.6,OK
4298.0,23.2,OK,37.6,OK
4300.0,23.1,OK_inner,37.6,OK
4302.0,23.2,OK,37.6,OK
4304.0,23.2,OK,37.6,OK
4306.0,23.1,OK_inner,37.6,OK
4308.0,23.2,OK,37.6,OK
4310.0,23.2,OK,37.5,OK
4312.0,23.1,image_sweep_check,37.6,OK
4314.0,23.2,OK,37.5,OK
4316.0,23.2,OK,37.5,OK
4318.0,23.1,image_sweep_check,37.5,OK
4320.0,23.2,OK,37.5,OK
4322.0,23.2,OK,37.5,OK
4324.0,23.1,OK_inner,37.5,OK
4326.0,23.2,OK,37.5,OK
4328.0,23.2,OK,37.5,OK
4330.0,23.1,OK_inner,37.5,OK
4332.0,23.2,OK,37.5,OK
4334.0,23.2,OK,37.5,OK
4336.0,23.1,OK_inner,37.5,OK
4338.0,23.2,OK,37.5,OK
4340.0,23.2,OK,37.5,OK
4342.0,23.1,OK_inner,37.6,OK
4344.0,23.2,OK,37.6,OK
4346.0,23.1,OK_inner,37.7,OK_inner
4348.0,23.1,OK_inner,37.7,image_sweep_check
4350.0,23.2,OK,37.7,OK_inner
4352.0,23.1,OK_inner,37.7,OK_inner
4354.0,23.1,image_sweep_check,37.7,image_sweep_check
4356.0,23.2,OK,37.7,image_sweep_check
4358.0,23.2,OK,37.7,OK_inner
4360.0,23.1,OK_inner,37.7,OK_inner
4362.0,23.2,OK,37.7,OK_inner
4364.0,23.2,OK,37.7,OK_inner
4366.0,23.1,OK_inner,37.7,OK_inner
4368.0,23.2,OK,37.6,OK
4370.0,23.2,OK,37.6,OK
4372.0,23.1,OK_inner,37.6,OK
4374.0,23.2,OK,37.6,OK
4376.0,23.2,OK,37.6,OK
4378.0,23.1,OK,37.6,OK
4380.0,23.2,OK,37.6,OK
4382.0,23.2,OK,37.6,OK
4384.0,23.1,OK_inner,37.6,OK
4386.0,23.2,OK,37.6,OK
4388.0,23.2,OK,37.6,OK
4390.0,23.2,OK,37.6,OK
4392.0,23.2,OK,37.6,OK
4394.0,23.2,OK_inner,37.6,OK_inner
4396.0,23.1,OK_inner,37.6,OK_inner
4398.0,23.2,OK,37.6,OK
4400.0,23.2,OK,37.6,OK
4402.0,23.2,OK,37.6,OK
4404.0,23.2,OK,37.6,OK
4406.0,23.2,OK,37.6,OK
4408.0,23.2,OK,37.6,OK
4410.0,23.2,OK,37.6,OK
4412.0,23.2,OK,37.6,OK
4414.0,23.1,image_sweep_check,37.6,OK
4416.0,23.2,OK,37.6,OK
4418.0,23.2,OK,37.6,OK
4420.0,23.1,image_sweep_check,37.6,OK
4422.0,23.2,OK,37.6,OK
4424.0,23.2,OK,37.6,OK
4426.0,23.1,OK_inner,37.6,OK
4428.0,23.2,OK,37.6,OK
4430.0,23.2,OK,37.6,OK
4432.0,23.1,OK_inner,37.6,OK
4434.0,23.2,OK,37.6,OK
4436.0,23.2,OK,37.6,OK
4438.0,23.1,image_sweep_check,37.6,OK
4440.0,23.2,OK,37.6,OK
4442.0,23.2,OK,37.6,OK
4444.0,23.1,OK_inner,37.6,OK
4446.0,23.2,OK,37.6,OK
4448.0,23.2,OK,37.6,OK
4450.0,23.1,image_sweep_check,37.6,OK
4452.0,23.2,OK,37.6,OK
4454.0,23.2,OK,37.6,OK
4456.0,23.1,OK_inner,37.6,OK
4458.0,23.2,OK_inner,37.6,OK
4460.0,23.2,OK,37.6,OK
4462.0,23.1,OK_inner,37.6,OK
4464.0,23.2,OK,37.6,OK
4466.0,23.2,OK,37.6,OK
4468.0,23.1,OK_inner,37.6,OK
4470.0,23.3,OK_inner,37.6,OK
4472.0,23.2,OK,37.6,OK
4474.0,23.1,OK,37.6,OK
4476.0,23.2,OK_inner,37.6,OK
4478.0,23.2,OK,37.6,OK
4480.0,23.1,OK_inner,37.6,OK_inner
4482.0,23.3,OK_inner,37.6,OK_inner
4484.0,23.2,OK_inner,37.6,OK
4486.0,23.1,OK_inner,37.6,OK_inner
4488.0,23.3,OK_inner,37.6,OK
4490.0,23.2,OK,37.6,OK
4492.0,23.1,OK_inner,37.6,OK
4494.0,23.2,OK,37.6,OK
4496.0,23.2,OK,37.6,OK
4498.0,23.0,OK,37.7,OK_inner
4500.0,23.1,image_sweep_check,37.8,OK
4502.0,23.0,OK_inner,37.9,OK
4504.0,22.9,OK,38.1,OK
4506.0,22.9,OK_inner,38.2,image_sweep_check
4508.0,22.9,OK,38.3,OK
4512.0,22.8,OK,38.4,image_sweep_check
4514.0,22.7,OK,38.5,image_sweep_check
4516.0,22.6,OK,38.5,OK_inner
4518.0,22.7,OK,38.4,OK
4520.0,22.7,OK,38.4,OK_inner
4522.0,22.6,OK,38.4,OK
4524.0,22.7,OK,38.4,OK_inner
4526.0,22.7,OK,38.5,OK
4528.0,22.5,OK,38.5,OK
4530.0,22.6,OK,38.5,OK_inner
4532.0,22.6,OK,38.6,OK
4534.0,22.4,OK,38.6,OK
4536.0,22.5,OK,38.7,OK_inner
4538.0,22.5,OK,38.7,OK_inner
4540.0,22.4,OK,38.7,image_sweep_check
4542.0,22.4,OK,38.8,OK
4544.0,22.4,OK,38.9,image_sweep_check
4546.0,22.3,image_sweep_check,38.9,OK
4548.0,22.4,OK_inner,39.0,OK_inner
4550.0,22.3,image_sweep_check,39.0,OK_inner
4552.0,22.1,OK_inner,39.1,OK_inner
4554.0,22.3,OK_inner,39.1,OK_inner
4556.0,22.2,OK_inner,39.1,OK_inner
4558.0,22.1,OK,39.2,OK_inner
4560.0,22.1,OK,39.2,OK_inner
4562.0,22.1,OK,39.3,OK
4564.0,22.0,OK,39.3,OK
4566.0,22.1,OK,39.2,OK_inner
4568.0,22.1,OK_inner,39.2,OK_inner
4570.0,22.0,OK,39.2,OK_inner
4572.0,22.1,OK,39.2,OK_inner
4574.0,22.0,OK,39.2,OK_inner
4576.0,21.8,OK,39.3,image_sweep_check
4578.0,22.0,OK,39.3,OK
4580.0,21.9,OK,39.3,OK
4582.0,21.8,OK,39.4,OK_inner
4584.0,21.9,OK,39.4,OK_inner
4586.0,21.9,OK,39.4,OK_inner
4588.0,21.7,OK,39.4,OK_inner
4590.0,21.8,OK,39.4,OK_inner
4592.0,21.8,OK,39.4,OK
4594.0,21.7,OK_inner,39.5,OK_inner
4596.0,21.7,OK,39.5,OK_inner
4598.0,21.7,OK,39.6,OK
4600.0,21.6,OK,39.6,OK_inner
4602.0,21.7,OK,39.6,OK_inner
4604.0,21.7,OK,39.6,OK_inner
4606.0,21.5,OK,39.6,OK_inner
4608.0,21.7,OK,39.6,OK_inner
4610.0,21.6,OK,39.7,OK_inner
4612.0,21.5,OK,39.7,OK_inner
4614.0,21.5,OK,39.7,OK_inner
4616.0,21.5,OK,39.7,OK_inner
4618.0,21.4,OK,39.7,OK_inner
4620.0,21.5,OK,39.8,OK_inner
4622.0,21.5,OK,39.8,OK_inner
4624.0,21.4,OK,39.8,OK_inner
4626.0,21.5,OK,39.8,OK_inner
4628.0,21.5,OK,39.8,OK_inner
4630.0,21.3,OK,39.8,OK
4632.0,21.4,OK,39.8,OK
4634.0,21.4,OK,39.8,OK_inner
4636.0,21.3,OK,39.8,OK
4638.0,21.4,OK,39.8,OK
4640.0,21.4,OK,39.8,OK_inner
4642.0,21.2,OK_inner,39.8,OK_inner
4644.0,21.4,OK,39.9,OK
4646.0,21.4,OK_inner,39.9,OK_inner
4648.0,21.2,OK,39.9,OK_inner
4650.0,21.3,OK,40.0,OK_inner
4652.0,21.3,OK,40.0,OK_inner
4654.0,21.1,OK_inner,40.0,OK
4656.0,21.2,OK_inner,40.0,OK_inner
4658.0,21.2,OK_inner,40.0,OK_inner
4660.0,21.1,OK,40.0,OK_inner
4662.0,21.2,OK,40.0,OK_inner
4664.0,21.2,OK,40.0,OK_inner
4666.0,21.1,OK,40.0,OK_inner
4668.0,21.2,OK,40.1,OK
4670.0,21.2,OK_inner,40.0,OK_inner
4672.0,21.1,OK,40.0,OK_inner
4674.0,21.1,OK,40.0,OK_inner
4676.0,21.1,OK,40.0,OK_inner
4678.0,21.0,OK,40.0,OK_inner
4680.0,21.1,OK_inner,40.1,OK_inner
4682.0,21.2,OK,40.0,OK_inner
4684.0,21.0,OK,40.1,OK_inner
4686.0,21.1,OK_inner,40.1,OK
4688.0,21.1,OK_inner,40.1,OK
4690.0,20.9,OK_inner,40.1,OK
