,time,Viscosity,Viscosity_verbose,Temperature,Temperature_verbose
0,0.0,7.4,OK,14.9,OK
1,2.0,77.6,OK_inner,14.9,OK
2,4.0,7.5,OK,14.8,OK
3,6.0,78.0,OK,14.8,OK
4,8.0,77.7,OK_inner,14.8,OK
5,10.0,78.6,OK_inner,14.8,OK
6,12.0,78.0,OK,14.8,OK
7,14.0,78.3,OK_inner,14.7,OK_inner
8,16.0,78.7,OK,14.7,OK_inner
9,18.0,78.0,OK,14.7,OK_inner
10,20.0,78.9,OK_inner,14.8,OK
11,22.0,79.3,OK_inner,14.8,OK
12,24.0,79.5,OK,14.8,OK
13,26.0,79.3,OK_inner,14.8,OK
14,28.0,79.9,OK,14.8,OK
15,30.0,80.9,OK,14.7,OK_inner
16,32.0,79.8,OK,14.7,OK_inner
17,34.0,80.6,OK,14.7,OK_inner
18,36.0,80.6,OK,14.7,OK_inner
19,38.0,80.2,OK,14.7,OK_inner
20,40.0,80.0,OK,14.7,OK_inner
21,42.0,80.0,OK,14.7,OK_inner
22,44.0,80.7,OK,14.6,OK
23,46.0,81.1,image_sweep_check,14.6,OK
24,48.0,81.4,OK_inner,14.6,OK
25,50.0,81.1,OK_inner,14.6,OK
26,52.0,81.8,OK,14.6,OK
27,54.0,81.0,OK,14.6,OK
28,56.0,81.6,OK,14.6,OK
29,58.0,82.0,OK,14.6,OK
30,60.0,82.0,OK,14.6,OK
31,62.0,81.9,OK,14.6,OK
32,64.0,82.3,OK,14.6,OK
33,66.0,82.5,OK,14.5,OK
34,68.0,82.2,OK,14.5,OK
35,70.0,82.9,OK,14.5,OK
36,72.0,82.8,OK,14.5,OK
37,74.0,82.5,OK,14.5,OK
38,76.0,83.2,OK,14.5,OK
39,78.0,83.2,OK,14.5,OK
40,80.0,82.8,OK,14.5,OK
41,82.0,83.4,OK_inner,14.5,OK
42,84.0,83.6,OK,14.5,OK
43,86.0,83.2,OK,14.5,OK
44,88.0,83.0,OK,14.5,OK
45,90.0,83.8,OK,14.4,OK
46,92.0,83.4,OK_inner,14.4,OK
47,94.0,84.0,OK,14.4,OK
48,96.0,84.8,OK,14.4,OK
49,98.0,83.7,OK,14.4,OK
50,100.0,84.3,OK,14.4,OK
51,102.0,84.3,image_sweep_check,14.4,OK
52,104.0,84.0,OK,14.4,OK
53,106.0,84.4,OK,14.4,OK
54,108.0,84.6,OK,14.4,OK
55,110.0,84.0,OK_inner,14.4,OK
56,112.0,84.4,OK,14.4,OK
57,114.0,84.6,OK,14.4,OK
58,116.0,84.1,OK,14.4,OK
59,118.0,84.7,OK,14.4,OK
60,120.0,84.0,OK,14.4,OK
61,122.0,84.1,image_sweep_check,14.6,OK
62,124.0,84.4,OK,14.5,OK
63,126.0,84.3,OK,14.6,OK
64,128.0,83.5,OK,14.7,OK_inner
65,130.0,83.7,image_sweep_check,14.8,OK
66,132.0,83.4,OK_inner,14.8,OK
67,134.0,82.8,OK,14.9,OK
68,136.0,82.9,OK,15.0,OK
69,138.0,82.9,OK,15.0,OK_inner
70,140.0,82.5,OK,15.1,OK
71,142.0,82.8,OK,15.1,OK
72,144.0,82.8,OK,15.1,OK
73,146.0,82.2,OK,15.1,OK
74,148.0,82.9,OK,15.0,OK_inner
75,150.0,82.9,OK,15.0,OK
76,152.0,82.6,OK,15.0,OK
77,154.0,83.1,image_sweep_check,14.9,OK
78,156.0,82.9,OK,14.9,OK
79,158.0,82.6,OK,14.9,OK
80,160.0,83.1,OK_inner,14.9,OK
81,162.0,83.8,OK,14.9,OK
82,164.0,82.6,OK,14.9,OK
83,166.0,83.2,OK,14.9,OK
84,168.0,83.2,OK,14.9,OK
85,170.0,82.6,OK,14.9,OK
86,172.0,82.8,OK,15.0,OK
87,174.0,82.5,OK,15.1,OK
88,176.0,81.6,OK,15.2,OK_inner
89,178.0,81.9,OK,15.3,OK
90,180.0,81.4,OK,15.4,OK
91,182.0,80.7,OK,15.5,OK
92,184.0,81.0,OK,15.6,OK
93,186.0,80.6,OK,15.7,OK_inner
94,188.0,79.8,OK,15.8,OK_inner
95,190.0,80.1,OK,15.9,OK
96,192.0,79.6,OK,15.9,image_sweep_check
97,194.0,78.7,OK,16.0,OK
98,196.0,79.0,OK,16.1,OK
99,198.0,78.9,OK,16.2,OK
100,200.0,78.0,OK,16.2,OK
101,202.0,78.3,OK_inner,16.3,OK
102,204.0,78.0,OK,16.4,OK
103,206.0,7.5,OK,16.4,OK
104,208.0,77.7,OK_inner,16.5,OK
105,210.0,7.2,OK,16.6,OK
106,212.0,76.3,OK_inner,16.6,OK
107,214.0,76.8,OK,16.7,OK_inner
108,216.0,76.5,OK,16.7,OK_inner
109,218.0,76.0,OK,16.8,OK
110,220.0,76.5,OK,16.8,OK
111,222.0,76.2,OK,16.8,OK
112,224.0,75.4,OK,16.9,OK
113,226.0,75.7,OK,16.9,OK
114,228.0,75.7,OK,16.9,OK
115,230.0,75.0,OK,17.0,OK_inner
116,232.0,75.3,OK,17.0,OK_inner
117,234.0,75.4,OK,17.0,OK_inner
118,236.0,74.8,OK,17.0,OK_inner
119,238.0,75.3,OK,16.9,OK
120,240.0,75.0,image_sweep_check,16.9,OK
121,242.0,74.5,OK,16.9,OK
122,244.0,75.1,OK_inner,16.9,OK
123,246.0,76.0,OK,16.9,OK
124,248.0,74.2,OK,17.0,OK_inner
125,250.0,74.7,OK,17.0,OK_inner
126,252.0,74.2,OK,17.1,OK
127,254.0,73.3,OK,17.2,OK_inner
128,256.0,73.8,OK,17.3,OK
129,258.0,73.2,OK_inner,17.4,OK
130,260.0,72.3,OK,17.5,OK
131,262.0,72.7,OK_inner,17.5,OK_inner
132,264.0,72.3,OK_inner,47.7,image_sweep_check
133,266.0,71.4,OK,47.7,OK_inner
134,268.0,71.8,OK,17.8,OK
135,270.0,71.5,OK,17.9,OK
136,272.0,70.8,OK,17.9,OK
137,274.0,71.2,OK,17.9,OK
138,276.0,71.2,OK,17.9,OK
139,278.0,70.5,OK,17.9,OK
140,280.0,71.1,OK,17.9,OK
141,282.0,71.1,image_sweep_check,17.9,OK
142,284.0,70.3,OK,17.9,OK
143,286.0,70.9,OK,17.9,OK
144,288.0,70.8,OK,17.9,OK
145,290.0,70.0,OK,17.9,OK
146,292.0,70.5,OK,17.9,OK
147,294.0,70.3,OK,18.0,OK
148,296.0,69.6,OK,18.0,OK
149,298.0,69.9,OK,18.1,OK
150,300.0,69.7,OK,18.1,OK
151,302.0,68.8,OK,18.2,OK_inner
152,304.0,69.3,OK,18.3,OK
153,306.0,68.8,OK,18.3,OK
154,308.0,68.1,image_sweep_check,18.4,OK
155,310.0,68.5,OK,18.5,OK
156,312.0,68.2,OK,18.5,OK
157,314.0,67.6,OK,18.6,OK
158,316.0,68.1,OK_inner,18.6,OK
159,318.0,67.9,OK,18.6,OK
160,320.0,67.2,OK,18.6,OK
161,322.0,67.9,OK,18.6,OK
162,324.0,67.8,OK,18.6,OK
163,326.0,67.0,OK,18.6,OK
164,328.0,67.8,OK,18.6,OK
165,330.0,67.5,OK,18.6,OK
166,332.0,66.9,OK,18.6,OK
167,334.0,67.5,OK,18.6,OK
168,336.0,67.3,OK,18.6,OK
169,338.0,66.6,OK,18.6,OK
170,340.0,67.2,OK,18.7,OK_inner
171,342.0,67.0,OK,18.7,OK_inner
172,344.0,66.3,OK,18.7,OK_inner
173,346.0,66.9,OK_inner,18.7,OK_inner
174,348.0,66.7,OK,18.7,OK
175,350.0,66.1,OK,18.7,OK_inner
176,352.0,66.7,OK,18.7,OK_inner
177,354.0,66.4,OK_inner,18.7,OK
178,356.0,65.8,OK,18.8,OK
179,358.0,66.1,OK,18.9,OK
180,360.0,65.7,OK,18.9,OK
181,362.0,64.9,OK,19.0,OK
182,364.0,65.2,OK,19.1,OK
183,366.0,64.6,OK,19.3,OK
184,368.0,63.9,OK,19.4,OK
185,370.0,64.2,OK,19.5,OK
186,372.0,63.7,OK_inner,19.6,OK
187,374.0,63.3,OK,19.6,OK
188,376.0,63.7,OK_inner,19.7,OK_inner
189,378.0,63.7,OK_inner,19.6,OK
190,380.0,63.3,OK_inner,19.6,OK
191,382.0,63.7,OK_inner,19.6,OK
192,384.0,63.7,OK_inner,19.5,OK
193,386.0,63.4,OK_inner,19.5,OK
194,388.0,63.7,OK,19.5,OK_inner
195,390.0,63.7,OK_inner,19.4,OK
196,392.0,63.3,OK_inner,19.4,OK
197,394.0,63.7,OK,19.4,OK
198,396.0,63.7,OK_inner,19.4,OK
199,398.0,63.1,OK_inner,19.3,OK
200,400.0,63.7,OK_inner,19.3,OK
201,402.0,63.7,OK_inner,19.3,OK
202,404.0,63.1,OK_inner,19.3,OK
203,406.0,63.6,OK,19.3,OK
204,408.0,63.6,OK,19.3,OK
205,410.0,63.3,OK_inner,19.3,OK
206,412.0,63.4,OK,19.3,OK
207,414.0,63.4,OK,19.3,OK
208,416.0,63.0,OK_inner,19.3,OK
209,418.0,63.3,OK,19.3,OK
210,420.0,63.4,OK_inner,19.3,OK
211,422.0,63.0,OK_inner,19.3,OK
212,424.0,63.3,OK,19.3,OK
213,426.0,63.3,OK,19.3,OK
214,428.0,63.0,OK_inner,19.3,OK
215,430.0,63.1,OK_inner,19.4,OK
216,432.0,63.1,OK,19.4,OK
217,434.0,62.5,OK,19.4,OK
218,436.0,63.1,OK_inner,19.4,OK
219,438.0,63.0,OK_inner,19.4,OK
220,440.0,62.4,OK,19.4,OK
221,442.0,62.8,OK,19.4,OK
222,444.0,62.8,OK,19.4,OK
223,446.0,62.2,OK,19.4,OK
224,448.0,62.8,OK,19.4,OK
225,450.0,62.5,OK,19.4,OK
226,452.0,62.1,OK_inner,19.5,OK
227,454.0,62.4,OK,19.5,OK
228,456.0,62.1,OK_inner,19.6,OK
229,458.0,61.6,OK,19.7,OK_inner
230,460.0,61.9,OK,19.7,OK_inner
231,462.0,61.8,OK,19.5,OK_inner
232,464.0,61.2,OK,19.6,OK
233,466.0,61.6,OK,19.6,OK
234,468.0,61.3,OK,19.7,OK_inner
235,470.0,60.9,OK,19.7,OK_inner
236,472.0,61.2,OK,19.8,OK
237,474.0,60.9,OK,19.9,OK_inner
238,476.0,60.1,OK,19.9,OK_inner
239,478.0,60.6,OK,19.9,OK_inner
240,480.0,60.6,OK,19.9,OK
241,482.0,60.1,OK,19.9,OK_inner
242,484.0,60.6,OK,19.9,OK_inner
243,486.0,60.6,OK,19.9,OK
244,488.0,60.1,OK,19.9,OK_inner
245,490.0,60.6,OK,19.9,OK
246,492.0,60.4,OK_inner,19.9,OK_inner
247,494.0,60.1,OK,19.9,OK_inner
248,496.0,60.6,OK,19.8,OK
249,498.0,60.4,OK,19.8,OK
250,500.0,60.0,OK,19.9,OK_inner
251,502.0,60.4,OK,19.9,OK
252,504.0,60.1,OK,19.9,OK_inner
253,506.0,59.7,OK,19.9,OK
254,508.0,60.0,OK,20.0,image_sweep_check
255,510.0,59.8,OK,20.1,OK
256,512.0,59.1,image_sweep_check,20.1,OK
257,514.0,59.5,OK,20.2,image_sweep_check
258,516.0,59.2,OK,20.3,OK
259,518.0,58.6,OK,20.3,OK
260,520.0,59.1,image_sweep_check,20.3,OK
261,522.0,59.1,image_sweep_check,20.3,image_sweep_check
262,524.0,58.5,OK,20.3,OK
263,526.0,59.1,OK_inner,20.3,OK
264,528.0,58.9,OK,20.3,OK_inner
265,530.0,58.5,OK,20.3,OK_inner
266,532.0,58.9,OK,20.2,OK_inner
267,534.0,58.9,OK,20.2,OK_inner
268,536.0,58.5,OK,20.2,OK_inner
269,538.0,58.9,OK,20.2,OK_inner
270,540.0,58.8,OK,20.2,OK_inner
271,542.0,58.5,OK,20.2,OK_inner
272,544.0,58.9,OK,20.2,OK_inner
273,546.0,58.6,OK,20.3,OK_inner
274,548.0,58.3,OK_inner,20.3,OK
275,550.0,58.8,OK,20.3,OK_inner
276,552.0,58.6,OK,20.3,OK
277,554.0,58.0,OK,20.3,OK
278,556.0,58.5,OK,20.3,OK
279,558.0,58.3,OK,20.4,OK_inner
280,560.0,57.9,OK,20.4,OK
281,562.0,58.3,OK,20.4,OK
282,564.0,58.2,OK,20.4,OK
283,566.0,57.7,OK,20.4,OK
284,568.0,58.2,OK,20.4,OK
285,570.0,58.0,OK,20.4,OK
286,572.0,57.6,OK,20.4,OK
287,574.0,58.0,OK,20.5,OK
288,576.0,57.9,OK,20.5,OK_inner
289,578.0,57.4,OK_inner,20.5,OK
290,580.0,57.9,OK,20.5,OK_inner
291,582.0,57.7,OK,20.5,OK_inner
292,584.0,57.3,OK,20.5,OK_inner
293,586.0,57.9,OK,20.5,OK_inner
294,588.0,57.7,OK,20.5,OK_inner
295,590.0,57.1,OK,20.5,OK_inner
296,592.0,57.7,OK,20.5,OK
297,594.0,57.6,OK,20.5,OK
298,596.0,57.1,OK,20.5,OK_inner
299,598.0,57.6,OK,20.5,OK_inner
300,600.0,57.6,OK,20.5,OK_inner
301,602.0,57.0,OK,20.5,OK
302,604.0,57.4,OK_inner,20.5,OK_inner
303,606.0,57.4,OK_inner,20.5,OK_inner
304,608.0,57.0,OK,20.5,OK
305,610.0,57.4,OK,20.5,OK_inner
306,612.0,57.3,OK,20.5,OK
307,614.0,57.0,OK,20.5,OK_inner
308,616.0,57.4,OK,20.5,OK
309,618.0,57.1,OK,20.5,OK_inner
310,620.0,56.8,OK,20.5,OK
311,622.0,57.1,OK_inner,20.6,OK
312,624.0,56.8,OK,20.7,OK_inner
313,626.0,56.2,OK,20.8,OK
314,628.0,56.5,OK,20.9,OK_inner
315,630.0,56.2,OK,21.0,OK
316,632.0,55.5,OK,21.1,OK
317,634.0,55.9,OK_inner,21.1,OK
318,636.0,55.8,OK,21.2,OK_inner
319,638.0,55.3,OK_inner,21.2,OK_inner
320,640.0,55.8,OK,21.2,OK_inner
321,642.0,55.6,OK,21.2,OK_inner
322,644.0,55.3,OK_inner,21.2,OK_inner
323,646.0,55.6,OK,21.2,OK_inner
324,648.0,55.6,OK,21.2,OK_inner
325,650.0,55.0,OK_inner,21.2,OK_inner
326,652.0,55.6,OK,21.2,OK_inner
327,654.0,55.6,OK,21.1,OK
328,656.0,55.0,OK,21.1,OK
329,658.0,55.5,OK,21.1,OK
330,660.0,55.3,OK,21.2,OK_inner
331,662.0,54.9,OK,21.2,OK_inner
332,664.0,55.2,OK_inner,21.3,OK
333,666.0,55.2,OK,21.3,OK
334,668.0,54.6,OK,21.4,OK
335,670.0,54.9,OK,21.4,OK
336,672.0,54.7,OK,21.5,OK
337,674.0,54.1,image_sweep_check,21.5,OK
338,676.0,54.6,OK,21.5,OK
339,678.0,54.4,OK,21.6,OK
340,680.0,54.0,OK,21.6,OK
341,682.0,54.4,OK,21.6,OK
342,684.0,54.3,OK,21.6,OK
343,686.0,54.0,OK,21.6,OK
344,688.0,54.3,OK,21.6,OK
345,690.0,54.3,OK,21.5,OK
346,692.0,53.8,OK,21.6,OK
347,694.0,54.3,OK,21.5,OK
348,696.0,54.3,OK,21.5,OK
349,698.0,53.7,OK_inner,21.5,OK
350,700.0,54.3,OK,21.5,OK
351,702.0,54.1,OK_inner,21.5,OK
352,704.0,53.7,OK,21.6,OK
353,706.0,54.0,OK,21.6,OK
354,708.0,54.0,OK,21.6,OK
355,710.0,53.4,OK_inner,21.7,OK_inner
356,712.0,53.7,image_sweep_check,21.7,image_sweep_check
357,714.0,53.7,OK_inner,21.7,image_sweep_check
358,716.0,53.2,OK,21.8,OK
359,718.0,53.5,OK,21.8,OK
360,720.0,53.5,OK,21.8,OK
361,722.0,53.1,image_sweep_check,21.9,OK
362,724.0,53.4,OK,21.9,OK
363,726.0,53.4,OK,21.9,OK
364,728.0,52.9,OK,21.9,OK
365,730.0,53.2,OK_inner,21.9,OK
366,732.0,53.2,OK,21.9,OK_inner
367,734.0,52.8,OK,21.9,OK
368,736.0,53.9,image_sweep_check,21.9,OK
369,738.0,52.9,OK_inner,21.9,OK
370,740.0,52.6,OK,21.9,OK
371,742.0,53.1,image_sweep_check,21.9,OK
372,744.0,52.9,OK_inner,21.9,OK
373,746.0,52.6,OK,21.9,OK
374,748.0,52.9,OK,21.9,OK
375,750.0,52.9,OK,21.9,OK
376,752.0,52.5,OK,21.9,OK
377,754.0,52.9,OK,21.9,OK
378,756.0,52.8,OK,21.9,OK
379,758.0,52.9,OK,21.9,OK
380,760.0,52.8,OK,22.0,OK
381,762.0,52.8,OK,22.0,OK
382,764.0,52.3,OK,22.0,OK
383,766.0,52.6,OK,22.0,OK
384,768.0,52.8,OK,22.0,OK
385,770.0,52.2,OK,22.0,OK
386,772.0,52.6,OK,22.0,OK
387,774.0,52.5,OK,22.0,OK
388,776.0,52.0,OK,22.0,OK
389,778.0,52.5,OK,22.0,OK
390,780.0,52.9,OK,22.0,OK
391,782.0,52.0,OK,22.0,OK
392,784.0,52.3,OK,22.0,OK
393,786.0,52.2,OK_inner,22.1,OK
394,788.0,51.9,OK,22.0,OK
395,790.0,52.3,OK,22.1,OK
396,792.0,52.3,OK,22.0,image_sweep_check
397,794.0,51.7,image_sweep_check,22.1,OK
398,796.0,52.0,OK,22.1,OK
399,798.0,52.0,OK,22.1,OK
400,800.0,51.7,OK,22.1,OK
401,802.0,52.0,OK,22.1,OK
402,804.0,52.0,OK,22.1,OK
403,806.0,51.7,OK,22.1,OK
404,808.0,52.0,OK,22.1,OK
405,810.0,52.0,OK,22.1,OK
406,812.0,51.8,OK,22.1,OK
407,814.0,51.9,OK,22.1,OK
408,816.0,52.0,OK,22.1,OK
409,818.0,51.6,OK,22.1,OK
410,820.0,52.9,OK,22.1,OK
411,822.0,52.0,OK,22.1,OK
412,824.0,51.7,OK,22.1,OK
413,826.0,52.0,OK,22.1,OK
414,828.0,52.0,OK_inner,22.1,OK
415,830.0,51.6,OK,22.1,OK
416,832.0,52.0,OK,22.1,OK
417,834.0,51.9,OK,22.1,OK
418,836.0,51.6,OK,22.1,OK
419,838.0,52.0,OK,22.1,OK
420,840.0,51.9,OK,22.1,OK
421,842.0,51.8,OK,22.1,OK
422,844.0,51.0,OK,22.1,OK
423,846.0,51.9,OK,22.1,OK
424,848.0,51.4,OK,22.1,OK
425,850.0,51.2,image_sweep_check,22.1,OK
426,852.0,51.9,OK,22.1,OK
427,854.0,51.3,image_sweep_check,22.1,OK
428,856.0,51.8,OK_inner,22.1,OK
429,858.0,51.7,OK,22.1,OK
430,860.0,51.3,OK_inner,22.1,OK
431,862.0,51.8,OK,22.1,OK
432,864.0,51.8,OK,22.1,OK
433,866.0,51.3,OK_inner,22.1,OK
434,868.0,51.8,OK,22.1,OK
435,870.0,51.8,OK,22.1,OK
436,872.0,51.3,OK,22.1,OK
437,874.0,51.8,OK,22.1,OK
438,876.0,51.8,OK,22.1,OK
439,878.0,51.3,image_sweep_check,22.1,OK
440,880.0,51.8,OK,22.1,OK
441,882.0,51.8,OK,22.1,OK
442,884.0,51.0,image_sweep_check,22.1,OK
443,886.0,51.4,OK,22.1,OK
444,888.0,51.8,OK,22.1,OK
445,890.0,51.1,OK_inner,22.1,OK
446,892.0,51.4,OK,22.1,OK
447,894.0,51.8,OK,22.1,OK
448,896.0,51.0,OK_inner,22.1,OK
449,898.0,51.4,OK,22.1,OK
450,900.0,51.6,OK,22.1,OK
451,902.0,51.1,OK_inner,22.1,OK
452,904.0,51.4,OK,22.1,OK
453,906.0,51.4,OK,22.2,OK_inner
454,908.0,50.0,OK,22.2,OK_inner
455,910.0,51.3,OK_inner,22.3,image_sweep_check
456,912.0,51.0,OK,22.3,OK
457,914.0,50.7,OK,22.6,OK
458,916.0,50.0,OK,22.5,OK
459,918.0,50.5,OK,22.6,OK
460,920.0,49.9,OK,22.7,OK_inner
461,922.0,50.1,OK,22.9,OK
462,924.0,69.1,image_sweep_check,22.9,OK
463,926.0,49.6,OK,23.0,OK
464,928.0,49.8,OK,23.0,OK_inner
465,930.0,49.9,OK,23.0,OK_inner
466,932.0,49.5,OK,23.0,OK_inner
467,934.0,49.6,OK,23.0,OK_inner
468,936.0,49.8,OK,23.0,OK_inner
469,938.0,49.5,OK,22.9,OK
470,940.0,49.8,OK,22.9,OK
471,942.0,49.8,OK,22.9,OK
472,944.0,49.5,OK,22.9,OK
473,946.0,49.6,OK,22.9,OK
474,948.0,49.6,OK,22.9,OK
475,950.0,49.3,OK,23.0,OK
476,952.0,49.6,OK,23.0,OK_inner
477,954.0,49.5,OK,23.0,OK_inner
478,956.0,49.0,OK,23.1,OK_inner
479,958.0,49.3,OK,23.1,OK
480,960.0,49.2,OK,23.2,OK
481,962.0,48.7,OK,23.2,OK_inner
482,964.0,48.9,OK,23.3,OK
483,966.0,48.7,OK,23.4,OK
484,968.0,48.4,OK_inner,23.5,OK
485,970.0,48.4,OK,23.5,OK_inner
486,972.0,48.0,OK,23.5,OK_inner
487,974.0,48.1,OK_inner,23.5,OK
488,976.0,48.3,OK_inner,23.5,OK
489,978.0,48.3,OK,23.5,OK
490,980.0,48.0,OK,23.5,OK_inner
491,982.0,48.6,OK,23.6,OK
492,984.0,48.1,OK_inner,23.6,OK
493,986.0,48.0,OK,23.6,OK
494,988.0,48.1,OK,23.6,OK
495,990.0,48.3,OK,23.6,OK
496,992.0,47.7,OK,23.6,OK
497,994.0,48.0,OK,23.6,OK
498,996.0,48.0,OK,23.6,OK
499,998.0,47.8,OK,23.6,OK
500,1000.0,47.8,OK,23.6,OK
501,1002.0,47.8,OK,23.7,image_sweep_check
502,1004.0,47.4,OK,23.7,image_sweep_check
503,1006.0,47.7,image_sweep_check,23.7,image_sweep_check
504,1008.0,47.7,OK_inner,23.7,image_sweep_check
505,1010.0,47.4,OK,23.7,OK_inner
506,1012.0,47.5,OK,23.7,OK_inner
507,1014.0,47.5,OK,23.8,OK
508,1016.0,47.2,OK,23.8,OK_inner
509,1018.0,47.2,OK,23.9,OK
510,1020.0,47.4,OK,23.9,OK
511,1022.0,46.9,OK,23.9,image_sweep_check
512,1024.0,47.1,OK,24.0,OK
513,1026.0,47.1,OK,24.0,OK
514,1028.0,46.8,OK,24.0,OK
515,1030.0,47.1,OK,24.0,OK
516,1032.0,47.1,OK_inner,24.0,OK
517,1034.0,46.8,OK,23.9,OK_inner
518,1036.0,46.9,OK,23.9,image_sweep_check
519,1038.0,47.1,OK_inner,23.9,OK_inner
520,1040.0,46.8,OK,23.9,OK_inner
521,1042.0,46.8,OK,23.9,OK_inner
522,1044.0,46.9,OK,23.9,OK_inner
523,1046.0,46.6,OK,23.9,OK_inner
524,1048.0,46.8,OK,24.0,OK
525,1050.0,46.8,OK,24.0,OK
526,1052.0,46.5,OK,24.0,OK
527,1054.0,46.8,OK,24.0,OK
528,1056.0,46.6,OK,24.0,OK
529,1058.0,46.3,OK,24.0,OK
530,1060.0,46.6,OK,24.1,OK
531,1062.0,46.6,OK,24.1,OK
532,1064.0,46.2,OK,24.1,OK
533,1066.0,46.5,OK,24.1,OK
534,1068.0,46.5,OK,24.1,OK
535,1070.0,46.0,OK,24.1,OK
536,1072.0,46.3,OK,24.1,OK
537,1074.0,46.3,OK,24.1,OK
538,1076.0,46.2,OK,24.1,OK
539,1078.0,46.2,OK,24.1,OK
540,1080.0,46.2,OK,24.2,OK_inner
541,1082.0,45.9,OK,24.2,OK_inner
542,1084.0,45.9,OK,24.3,OK
543,1086.0,45.9,OK,24.4,OK
544,1088.0,45.4,OK,24.5,OK
545,1090.0,45.6,OK,24.5,OK
546,1092.0,45.4,OK,24.6,OK
547,1094.0,45.1,OK_inner,24.7,OK_inner
548,1096.0,45.1,OK,24.8,OK
549,1098.0,45.1,OK_inner,24.8,OK
550,1100.0,44.7,OK,24.9,OK
551,1102.0,44.8,OK,24.9,OK
552,1104.0,45.0,OK,24.9,OK
553,1106.0,44.7,OK,24.9,OK
554,1108.0,44.8,OK,24.9,OK
555,1110.0,45.0,OK,24.8,OK
556,1112.0,44.7,OK,24.8,OK
557,1114.0,44.8,OK,24.8,OK
558,1116.0,44.8,OK,24.8,OK
559,1118.0,44.7,OK,24.8,OK
560,1120.0,44.7,OK,24.8,OK
561,1122.0,44.8,OK,24.9,OK_inner
562,1124.0,44.5,OK,24.9,OK
563,1126.0,44.5,OK,24.9,OK
564,1128.0,44.5,OK,24.9,OK
565,1130.0,44.1,OK,25.0,image_sweep_check
566,1132.0,44.2,OK,25.1,OK_inner
567,1134.0,44.1,OK,25.1,OK_inner
568,1136.0,43.9,OK,25.2,OK_inner
569,1138.0,43.9,OK,25.3,OK
570,1140.0,43.8,OK,25.3,OK
571,1142.0,43.5,OK,25.3,OK
572,1144.0,43.6,OK,25.4,OK_inner
573,1146.0,43.6,OK,25.4,OK_inner
574,1148.0,43.5,OK,25.4,OK_inner
575,1150.0,43.5,OK,25.4,OK_inner
576,1152.0,43.8,OK,25.4,OK_inner
577,1154.0,43.3,OK_inner,25.4,OK_inner
578,1156.0,43.5,OK,25.4,OK_inner
579,1158.0,43.6,OK,25.4,OK_inner
580,1160.0,43.3,OK,25.4,OK_inner
581,1162.0,43.5,OK,25.3,OK
582,1164.0,43.5,OK,25.3,OK
583,1166.0,43.2,OK,25.3,OK
584,1168.0,43.3,OK,25.3,OK
585,1170.0,43.3,OK_inner,25.3,OK
586,1172.0,43.2,OK,25.4,OK_inner
587,1174.0,43.2,OK_inner,25.4,OK_inner
588,1176.0,43.3,OK,25.4,OK_inner
589,1178.0,43.0,OK,25.5,OK
590,1180.0,43.0,OK,25.5,image_sweep_check
591,1182.0,43.0,OK,25.6,OK_inner
592,1184.0,42.6,OK,25.7,OK_inner
593,1186.0,42.7,OK_inner,25.7,OK_inner
594,1188.0,42.7,OK,25.7,OK_inner
595,1190.0,42.4,OK,25.7,OK_inner
596,1192.0,42.6,OK,25.7,OK_inner
597,1194.0,42.6,OK,25.8,OK
598,1196.0,42.4,OK,25.8,OK_inner
599,1198.0,42.6,OK,25.8,OK
600,1200.0,42.6,OK,25.7,OK_inner
601,1202.0,42.4,OK,25.7,OK_inner
602,1204.0,42.4,OK,25.7,OK_inner
603,1206.0,42.6,OK,25.7,OK_inner
604,1208.0,42.3,OK,25.7,OK_inner
605,1210.0,42.4,OK,25.7,OK_inner
606,1212.0,42.6,OK,25.7,OK_inner
607,1214.0,42.4,OK,25.7,OK_inner
608,1216.0,42.4,OK,25.7,OK_inner
609,1218.0,42.6,OK,25.7,OK_inner
610,1220.0,42.3,OK_inner,25.7,OK_inner
611,1222.0,42.3,OK,25.8,OK_inner
612,1224.0,42.4,OK,25.8,OK
613,1226.0,42.1,OK_inner,25.8,OK_inner
614,1228.0,42.3,OK,25.8,OK
615,1230.0,42.4,OK,25.8,OK_inner
616,1232.0,42.1,OK_inner,25.8,OK
617,1234.0,42.1,OK_inner,25.8,OK
618,1236.0,42.3,OK,25.8,OK
619,1238.0,42.1,OK_inner,25.9,image_sweep_check
620,1240.0,42.1,OK_inner,25.9,OK
621,1242.0,42.3,OK,25.9,OK_inner
622,1244.0,42.0,OK,25.9,OK_inner
623,1246.0,42.0,OK,25.9,OK_inner
624,1248.0,42.1,OK_inner,25.9,OK_inner
625,1250.0,42.0,OK,25.9,OK_inner
626,1252.0,42.0,OK,25.9,OK
627,1254.0,42.0,OK,25.9,OK_inner
628,1256.0,41.8,OK,25.9,OK_inner
629,1258.0,42.0,OK,25.9,OK
630,1260.0,42.0,OK,25.9,OK_inner
631,1262.0,41.8,OK,25.9,OK_inner
632,1264.0,41.8,OK,25.9,OK_inner
633,1266.0,42.0,OK,25.9,OK
634,1268.0,41.8,OK,25.9,OK
635,1270.0,41.8,OK,25.9,OK_inner
636,1272.0,42.0,OK,25.9,OK_inner
637,1274.0,41.8,OK,25.9,OK_inner
638,1276.0,41.8,OK,25.9,OK_inner
639,1278.0,42.0,OK,25.9,OK_inner
640,1280.0,41.7,OK,25.9,OK_inner
641,1282.0,41.8,OK,25.9,OK_inner
642,1284.0,42.0,OK,25.9,OK_inner
643,1286.0,41.7,OK,25.9,OK_inner
644,1288.0,41.7,OK,25.9,OK
645,1290.0,41.8,OK,25.9,OK_inner
646,1292.0,41.7,OK,25.9,OK
647,1294.0,41.7,OK,25.9,OK_inner
648,1296.0,41.8,OK,25.9,OK_inner
649,1298.0,41.7,OK,25.9,image_sweep_check
650,1300.0,41.7,OK,25.9,OK_inner
651,1302.0,41.8,OK,25.9,OK_inner
652,1304.0,41.7,OK,25.9,OK_inner
653,1306.0,41.7,OK,25.9,OK_inner
654,1308.0,41.8,OK,25.9,OK_inner
655,1310.0,41.7,OK,25.9,OK_inner
656,1312.0,41.7,OK,25.9,OK_inner
657,1314.0,41.8,OK,25.9,OK
658,1316.0,41.5,OK,25.9,OK_inner
659,1318.0,41.7,OK,25.9,OK_inner
660,1320.0,41.8,OK,25.9,OK_inner
661,1322.0,41.5,OK,25.9,OK_inner
662,1324.0,41.5,OK,25.9,OK_inner
663,1326.0,41.7,OK,25.9,OK_inner
664,1328.0,41.5,OK,25.9,OK_inner
665,1330.0,41.5,OK,25.9,OK_inner
666,1332.0,41.7,OK,25.9,OK
667,1334.0,41.4,OK,25.9,OK_inner
668,1336.0,41.5,OK,25.9,OK_inner
669,1338.0,41.5,OK,25.9,OK_inner
670,1340.0,41.4,OK,25.9,OK_inner
671,1342.0,41.4,OK,26.0,OK_inner
672,1344.0,41.5,OK,26.0,OK_inner
673,1346.0,41.4,OK,26.1,OK
674,1348.0,41.4,OK,26.1,OK
675,1350.0,41.5,OK,26.1,OK_inner
676,1352.0,41.2,OK,26.1,OK
677,1354.0,41.2,OK,26.1,OK_inner
678,1356.0,41.4,OK,26.1,OK_inner
679,1358.0,41.2,OK,26.1,OK
680,1360.0,41.2,OK,26.1,OK
681,1362.0,41.4,OK,26.1,OK_inner
682,1364.0,41.2,OK,26.1,OK_inner
683,1366.0,41.2,OK,26.1,OK
684,1368.0,41.4,OK,26.1,OK_inner
685,1370.0,41.2,OK,26.0,OK_inner
686,1372.0,41.2,OK,26.0,OK_inner
687,1374.0,41.4,OK,26.1,OK
688,1376.0,41.2,OK,26.1,OK
689,1378.0,41.2,OK,26.1,OK
690,1380.0,41.4,OK,26.1,OK
691,1382.0,41.2,OK,26.1,OK
692,1384.0,41.2,OK,26.1,OK_inner
693,1386.0,41.4,OK,26.1,OK
694,1388.0,41.1,OK,26.1,OK
695,1390.0,41.2,OK,26.1,OK_inner
696,1392.0,41.4,OK,26.1,OK_inner
697,1394.0,41.1,OK,26.1,image_sweep_check
698,1396.0,41.1,OK,26.1,OK
699,1398.0,41.2,OK,26.1,image_sweep_check
700,1400.0,41.1,OK,26.1,OK
701,1402.0,41.1,OK,26.1,OK
702,1404.0,41.2,OK,26.1,OK
703,1406.0,41.1,OK,26.1,OK
704,1408.0,41.1,OK,26.1,image_sweep_check
705,1410.0,41.2,OK,26.1,OK_inner
706,1412.0,41.1,OK,26.1,OK
707,1414.0,41.1,OK,26.1,OK
708,1416.0,41.1,OK,26.1,OK
709,1418.0,40.9,OK,26.1,OK
710,1420.0,40.9,OK_inner,26.1,OK_inner
711,1422.0,41.2,OK,26.1,image_sweep_check
712,1424.0,40.9,OK,26.1,OK_inner
713,1426.0,41.1,OK,26.1,OK
714,1428.0,41.2,OK,26.1,OK
715,1430.0,40.9,OK,26.1,OK_inner
716,1432.0,40.9,OK,26.1,OK_inner
717,1434.0,41.2,OK,26.1,OK
718,1436.0,40.9,OK,26.1,OK_inner
719,1438.0,40.9,OK,26.1,OK
720,1440.0,41.1,OK,26.1,OK
721,1442.0,40.9,OK,26.1,OK_inner
722,1444.0,40.9,OK,26.1,OK
723,1446.0,40.9,OK,26.1,OK_inner
724,1448.0,40.6,OK,26.1,OK_inner
725,1450.0,40.8,OK,26.1,OK_inner
726,1452.0,40.9,OK,26.1,OK
727,1454.0,40.5,OK,26.1,OK_inner
728,1456.0,40.8,OK,26.1,OK
729,1458.0,40.8,OK,26.1,OK
730,1460.0,40.5,OK,26.1,OK
731,1462.0,40.8,OK,26.1,OK_inner
732,1464.0,40.8,OK,26.1,OK
733,1466.0,40.5,OK,26.1,OK
734,1468.0,40.8,OK,26.1,OK
735,1470.0,40.8,OK,26.1,OK
736,1472.0,40.5,OK,26.1,OK_inner
737,1474.0,40.6,OK,26.1,OK
738,1476.0,40.8,OK,26.1,OK_inner
739,1478.0,40.6,OK,26.1,OK_inner
740,1480.0,40.8,OK,26.1,OK_inner
741,1482.0,40.8,OK,26.1,OK
742,1484.0,40.5,OK,26.1,OK_inner
743,1486.0,40.6,OK,26.1,OK_inner
744,1488.0,40.8,OK,26.1,OK
745,1490.0,40.5,OK,26.1,OK
746,1492.0,40.6,OK,26.1,OK
747,1494.0,40.8,OK,26.1,OK
748,1496.0,40.5,OK,26.1,OK_inner
749,1498.0,40.8,OK,26.1,OK_inner
750,1500.0,40.8,OK,26.1,OK
751,1502.0,40.5,OK,26.1,OK_inner
752,1504.0,40.8,OK,26.1,OK_inner
753,1506.0,40.9,OK,26.1,OK_inner
754,1508.0,40.5,OK,26.1,OK_inner
755,1510.0,40.8,OK,26.1,OK_inner
756,1512.0,40.6,OK,26.1,OK
757,1514.0,40.5,OK,26.1,OK
758,1516.0,40.6,OK,26.1,OK_inner
759,1518.0,40.8,OK,26.1,OK
760,1520.0,40.5,OK,26.1,OK
761,1522.0,40.6,OK,26.1,OK_inner
762,1524.0,40.8,OK,26.1,OK
763,1526.0,40.5,OK,26.1,OK
764,1528.0,40.6,OK,26.1,OK
765,1530.0,40.8,OK,26.1,OK
766,1532.0,40.5,OK,26.1,OK_inner
767,1534.0,40.6,OK,26.1,OK_inner
768,1536.0,40.6,OK,26.1,OK_inner
769,1538.0,40.5,OK,26.1,OK
770,1540.0,40.6,OK,26.1,OK
771,1542.0,40.8,OK,26.1,OK
772,1544.0,40.2,OK_inner,26.2,OK_inner
773,1546.0,40.5,OK,26.3,OK
774,1548.0,40.3,OK,26.4,OK_inner
775,1550.0,40.0,OK,26.5,OK_inner
776,1552.0,40.0,OK,26.6,OK
777,1554.0,40.0,OK,26.7,OK_inner
778,1556.0,39.6,OK,26.8,OK
779,1558.0,39.7,OK,26.8,OK
780,1560.0,39.7,OK,26.8,OK_inner
781,1562.0,39.4,OK,26.9,OK_inner
782,1564.0,39.7,OK,26.9,OK
783,1566.0,39.7,OK,26.9,OK
784,1568.0,39.4,OK,26.9,OK
785,1570.0,39.7,OK,26.9,OK
786,1572.0,39.6,OK,26.9,image_sweep_check
787,1574.0,39.4,OK,26.8,OK_inner
788,1576.0,39.7,OK,26.8,OK_inner
789,1578.0,39.6,OK,26.8,OK
790,1580.0,39.4,OK_inner,26.8,OK
791,1582.0,39.6,OK,26.8,OK
792,1584.0,39.6,OK,26.9,OK
793,1586.0,39.3,OK,26.9,OK
794,1588.0,39.0,OK,27.0,OK_inner
795,1590.0,39.6,OK,27.0,OK_inner
796,1592.0,39.0,OK,27.1,OK_inner
797,1594.0,39.6,OK_inner,27.1,OK
798,1596.0,39.0,OK,27.1,OK_inner
799,1598.0,38.8,OK,27.1,OK_inner
800,1600.0,38.0,OK,27.2,image_sweep_check
801,1602.0,39.0,OK_inner,27.2,OK_inner
802,1604.0,38.8,OK,27.3,OK
803,1606.0,39.0,OK,27.3,OK
804,1608.0,38.0,OK,27.3,OK
805,1610.0,38.0,OK,27.4,OK_inner
806,1612.0,38.8,OK,27.4,OK_inner
807,1614.0,38.8,OK,27.3,OK
808,1616.0,38.6,OK,27.3,OK
809,1618.0,38.8,OK,27.3,OK
810,1620.0,38.8,OK,27.3,OK
811,1622.0,38.5,OK,27.3,OK
812,1624.0,38.8,OK,27.3,OK
813,1626.0,38.7,OK_inner,27.3,OK
814,1628.0,38.6,OK,27.3,OK
815,1630.0,38.0,OK,27.3,OK
816,1632.0,38.0,OK,27.4,OK
817,1634.0,38.4,OK_inner,27.4,OK_inner
818,1636.0,38.6,OK,27.4,OK_inner
819,1638.0,38.3,OK,27.4,OK_inner
820,1640.0,38.2,OK,,error
821,1642.0,38.4,OK,27.5,OK
822,1644.0,38.5,OK,27.5,OK
823,1646.0,38.1,OK,27.6,OK
824,1648.0,38.2,OK,27.6,image_sweep_check
825,1650.0,38.4,OK,27.7,image_sweep_check
826,1652.0,37.9,OK,27.7,OK_inner
827,1654.0,38.2,OK,27.7,OK_inner
828,1656.0,38.2,OK,27.7,OK_inner
829,1658.0,37.9,OK,27.7,OK_inner
830,1660.0,38.9,image_sweep_check,27.6,OK_inner
831,1662.0,38.1,OK,27.6,OK_inner
832,1664.0,37.9,OK,27.6,OK_inner
833,1666.0,38.9,OK_inner,27.6,OK_inner
834,1668.0,38.1,OK,27.6,OK_inner
835,1670.0,37.8,OK,27.6,OK
836,1672.0,33.9,OK_inner,27.6,OK_inner
837,1674.0,38.1,OK,27.6,OK
838,1676.0,37.8,OK,27.6,OK_inner
839,1678.0,37.9,OK,27.6,OK_inner
840,1680.0,38.2,OK,27.6,OK_inner
841,1682.0,37.8,OK,27.6,OK
842,1684.0,37.9,OK,27.7,image_sweep_check
843,1686.0,,error,27.7,image_sweep_check
844,1688.0,37.8,OK,27.7,image_sweep_check
845,1690.0,37.0,OK,27.7,image_sweep_check
846,1692.0,37.8,OK,27.8,OK
847,1694.0,37.5,OK,27.8,OK
848,1696.0,37.8,OK,27.8,OK
849,1698.0,37.8,OK,27.8,OK
850,1700.0,37.5,OK,27.8,OK
851,1702.0,37.6,OK,27.8,OK
852,1704.0,37.8,OK,27.8,OK
853,1706.0,37.5,OK_inner,27.8,OK_inner
854,1708.0,37.6,OK,27.8,OK
855,1710.0,37.6,OK,27.8,OK
856,1712.0,37.5,OK,27.8,OK
857,1714.0,37.6,OK,27.8,OK
858,1716.0,37.8,OK,27.8,OK
859,1718.0,37.3,OK_inner,27.8,OK
860,1720.0,37.6,OK,27.8,OK
861,1722.0,37.6,OK,27.8,OK
862,1724.0,37.3,OK_inner,27.8,OK
863,1726.0,37.6,OK,27.8,OK
864,1728.0,37.6,OK,27.8,OK
865,1730.0,37.3,OK_inner,27.8,OK
866,1732.0,37.5,OK,27.8,OK
867,1734.0,37.6,OK,27.8,OK
868,1736.0,37.2,OK,27.8,OK
869,1738.0,37.5,OK,27.8,OK
870,1740.0,37.5,OK,27.8,OK
871,1742.0,37.3,OK_inner,27.8,OK
872,1744.0,37.9,OK,27.8,OK
873,1746.0,37.6,OK,27.8,OK
874,1748.0,37.2,OK,27.8,OK
875,1750.0,37.5,OK_inner,27.8,OK
876,1752.0,37.6,OK,27.8,OK
877,1754.0,37.2,OK,27.8,OK
878,1756.0,37.5,OK,27.8,OK
879,1758.0,37.5,OK,27.8,OK_inner
880,1760.0,37.2,OK_inner,27.8,OK
881,1762.0,37.3,OK,27.8,OK
882,1764.0,37.5,OK,27.8,OK
883,1766.0,37.2,OK,27.8,OK
884,1768.0,37.3,OK_inner,27.8,OK
885,1770.0,37.5,OK,27.8,OK
886,1772.0,37.2,OK_inner,27.8,OK
887,1774.0,37.3,OK_inner,27.8,OK
888,1776.0,37.5,OK,27.8,OK_inner
889,1778.0,37.0,OK,27.8,OK
890,1780.0,37.2,OK_inner,27.8,OK
891,1782.0,37.5,OK,27.8,OK
892,1784.0,37.0,OK,27.8,OK
893,1786.0,37.2,OK_inner,27.9,OK
894,1788.0,37.2,OK_inner,27.9,OK
895,1790.0,36.9,OK,27.9,OK
896,1792.0,37.0,OK,27.9,OK
897,1794.0,37.0,OK,27.9,OK
898,1796.0,36.9,OK,27.9,OK_inner
899,1798.0,37.0,OK,27.9,OK_inner
900,1800.0,37.3,OK_inner,27.9,OK_inner
901,1802.0,36.9,OK,27.9,OK
902,1804.0,37.0,OK_inner,27.9,OK
903,1806.0,37.3,OK_inner,27.9,OK
904,1808.0,36.9,OK,27.9,OK_inner
905,1810.0,37.0,OK,27.9,OK
906,1812.0,37.3,OK_inner,27.9,OK_inner
907,1814.0,36.9,OK,27.9,OK_inner
908,1816.0,37.0,OK,27.9,OK_inner
909,1818.0,37.0,OK,27.9,OK_inner
910,1820.0,36.9,OK,27.9,OK_inner
911,1822.0,37.0,OK,27.9,OK_inner
912,1824.0,37.2,OK,27.9,OK_inner
913,1826.0,36.9,OK,27.9,OK
914,1828.0,37.0,OK_inner,27.9,OK_inner
915,1830.0,37.0,OK,27.9,OK
916,1832.0,36.9,OK,27.9,OK
917,1834.0,37.0,OK_inner,27.9,OK
918,1836.0,37.0,OK,27.9,OK_inner
919,1838.0,36.7,OK_inner,27.9,OK_inner
920,1840.0,36.9,OK,27.9,OK_inner
921,1842.0,37.2,OK,27.9,OK_inner
922,1844.0,36.7,OK,27.9,OK
923,1846.0,36.9,OK,27.9,OK
924,1848.0,37.2,OK,27.9,OK_inner
925,1850.0,36.7,OK_inner,27.9,OK_inner
926,1852.0,36.9,OK,27.9,OK_inner
927,1854.0,37.2,OK,27.9,OK
928,1856.0,36.7,OK_inner,27.9,OK
929,1858.0,36.9,OK,27.9,OK
930,1860.0,37.0,OK_inner,27.9,OK
931,1862.0,36.9,OK,27.9,OK
932,1864.0,36.9,OK,27.9,OK_inner
933,1866.0,37.2,OK_inner,27.9,OK_inner
934,1868.0,36.9,OK,27.9,OK_inner
935,1870.0,36.9,OK,27.9,OK
936,1872.0,37.0,OK,27.9,OK
937,1874.0,36.7,OK_inner,27.9,OK
938,1876.0,36.9,OK,27.9,OK_inner
939,1878.0,37.2,OK,27.9,OK_inner
940,1880.0,36.7,OK,27.9,OK
941,1882.0,36.9,OK,27.9,OK
942,1884.0,37.2,OK,27.9,OK
943,1886.0,36.7,OK,27.9,OK_inner
944,1888.0,36.9,OK,27.9,OK_inner
945,1890.0,37.2,OK_inner,27.9,OK
946,1892.0,36.7,OK,27.9,OK_inner
947,1894.0,36.7,OK,27.9,OK_inner
948,1896.0,37.0,OK_inner,28.0,OK_inner
949,1898.0,36.7,OK,28.0,OK_inner
950,1900.0,36.7,OK,28.0,image_sweep_check
951,1902.0,37.0,OK,28.0,OK_inner
952,1904.0,36.7,OK,28.0,OK_inner
953,1906.0,36.9,OK,28.0,OK_inner
954,1908.0,37.0,OK,28.0,OK_inner
955,1910.0,36.7,OK,28.0,OK_inner
956,1912.0,36.9,OK,28.0,OK_inner
957,1914.0,37.0,OK_inner,28.0,OK_inner
958,1916.0,36.7,OK,28.0,OK_inner
959,1918.0,36.9,OK,28.0,OK_inner
960,1920.0,37.0,OK_inner,28.0,OK_inner
961,1922.0,36.7,OK,28.0,OK_inner
962,1924.0,36.7,OK,28.0,OK_inner
963,1926.0,37.0,OK,28.0,OK_inner
964,1928.0,36.6,OK,28.0,OK_inner
965,1930.0,36.7,OK_inner,28.0,OK_inner
966,1932.0,37.0,OK_inner,28.0,OK_inner
967,1934.0,36.7,OK_inner,28.0,OK_inner
968,1936.0,36.7,OK,28.0,OK_inner
969,1938.0,37.0,OK_inner,28.0,OK_inner
970,1940.0,36.6,OK,28.0,OK_inner
971,1942.0,36.7,OK,28.0,OK_inner
972,1944.0,36.9,OK,28.0,OK_inner
973,1946.0,36.7,OK,28.0,OK_inner
974,1948.0,36.7,OK,28.0,OK_inner
975,1950.0,37.0,OK_inner,28.0,OK_inner
976,1952.0,36.6,OK,28.0,OK_inner
977,1954.0,36.7,OK,28.0,OK_inner
978,1956.0,37.0,OK_inner,28.0,OK_inner
979,1958.0,36.6,OK,28.0,OK_inner
980,1960.0,36.7,OK,28.0,OK_inner
981,1962.0,37.0,OK_inner,28.0,OK_inner
982,1964.0,36.7,OK,28.0,OK_inner
983,1966.0,36.7,OK,28.0,OK_inner
984,1968.0,37.0,OK_inner,28.0,OK_inner
985,1970.0,36.6,OK,28.0,OK_inner
986,1972.0,36.7,OK,28.0,OK_inner
987,1974.0,36.9,OK,28.0,OK_inner
988,1976.0,36.6,OK,28.0,OK_inner
989,1978.0,36.7,OK,28.0,OK_inner
990,1980.0,36.9,OK_inner,28.0,OK_inner
991,1982.0,36.6,OK,28.0,OK_inner
992,1984.0,36.7,OK,28.0,OK_inner
993,1986.0,36.9,OK_inner,28.0,OK_inner
994,1988.0,36.6,OK,28.0,OK_inner
995,1990.0,36.6,OK,28.1,OK
996,1992.0,36.9,OK,28.1,OK
997,1994.0,36.3,OK_inner,28.2,OK_inner
998,1996.0,36.3,OK,28.3,OK
999,1998.0,36.4,OK_inner,28.5,OK_inner
1000,2000.0,36.0,OK_inner,28.6,OK_inner
1001,2002.0,36.0,OK,28.7,OK_inner
1002,2004.0,36.1,OK,28.7,OK_inner
1003,2006.0,35.7,OK,28.8,OK
1004,2008.0,35.8,OK,28.8,OK
1005,2010.0,36.0,OK_inner,28.9,OK_inner
1006,2012.0,35.7,OK,28.9,image_sweep_check
1007,2014.0,35.7,OK,28.9,OK_inner
1008,2016.0,35.8,OK,28.9,image_sweep_check
1009,2018.0,35.5,OK,28.9,OK_inner
1010,2020.0,35.7,OK,28.9,OK_inner
1011,2022.0,35.8,OK,28.9,OK_inner
1012,2024.0,35.4,OK_inner,28.9,OK_inner
1013,2026.0,35.5,OK,28.9,OK_inner
1014,2028.0,35.7,OK,28.9,OK_inner
1015,2030.0,35.2,OK,29.0,image_sweep_check
1016,2032.0,35.4,OK_inner,29.0,image_sweep_check
1017,2034.0,35.5,OK,29.0,OK_inner
1018,2036.0,35.1,image_sweep_check,29.1,OK_inner
1019,2038.0,35.2,OK,29.1,OK_inner
1020,2040.0,35.2,OK,29.2,OK_inner
1021,2042.0,34.9,OK,29.3,OK_inner
1022,2044.0,34.9,OK,29.3,OK
1023,2046.0,35.1,OK_inner,29.4,OK_inner
1024,2048.0,34.6,OK,29.5,OK_inner
1025,2050.0,34.8,OK,29.4,OK_inner
1026,2052.0,34.9,OK,29.5,OK_inner
1027,2054.0,34.5,OK,29.5,OK_inner
1028,2056.0,34.6,OK,29.5,OK_inner
1029,2058.0,34.6,OK,29.5,OK
1030,2060.0,34.5,OK,29.6,OK_inner
1031,2062.0,34.5,OK,29.6,OK_inner
1032,2064.0,34.8,OK,29.5,OK_inner
1033,2066.0,34.3,OK,29.5,OK_inner
1034,2068.0,34.5,OK,29.5,OK_inner
1035,2070.0,34.6,OK,29.5,OK_inner
1036,2072.0,34.3,OK,29.5,OK_inner
1037,2074.0,34.5,OK,29.5,OK_inner
1038,2076.0,34.5,OK,29.6,OK_inner
1039,2078.0,34.2,OK,29.6,OK_inner
1040,2080.0,34.3,OK,29.6,OK_inner
1041,2082.0,34.5,OK,29.6,OK_inner
1042,2084.0,34.2,OK,29.6,OK_inner
1043,2086.0,34.2,OK,29.6,OK_inner
1044,2088.0,34.3,OK,29.7,OK_inner
1045,2090.0,34.0,OK,29.7,OK_inner
1046,2092.0,34.2,OK,29.8,OK
1047,2094.0,34.2,OK,29.8,OK
1048,2096.0,33.9,OK_inner,29.8,OK
1049,2098.0,34.0,OK,29.9,OK_inner
1050,2100.0,34.2,OK,29.9,OK_inner
1051,2102.0,33.7,OK,29.9,OK_inner
1052,2104.0,33.9,OK_inner,29.9,OK_inner
1053,2106.0,34.0,OK,30.0,OK_inner
1054,2108.0,33.7,OK_inner,30.0,OK_inner
1055,2110.0,33.7,OK,30.0,OK_inner
1056,2112.0,34.0,OK,30.0,OK_inner
1057,2114.0,33.6,OK_inner,29.9,OK_inner
1058,2116.0,33.7,OK,29.9,OK_inner
1059,2118.0,33.9,OK_inner,29.9,OK_inner
1060,2120.0,33.6,OK_inner,29.9,OK_inner
1061,2122.0,33.7,OK,29.9,OK_inner
1062,2124.0,33.9,OK_inner,29.9,OK_inner
1063,2126.0,33.4,OK_inner,29.9,OK_inner
1064,2128.0,33.6,OK,30.0,OK_inner
1065,2130.0,33.7,OK,30.0,OK_inner
1066,2132.0,33.4,OK_inner,30.0,OK_inner
1067,2134.0,33.4,OK_inner,30.0,OK_inner
1068,2136.0,33.7,OK_inner,30.0,OK
1069,2138.0,33.3,OK_inner,30.1,OK
1070,2140.0,33.3,OK_inner,30.1,OK
1071,2142.0,33.6,OK_inner,30.1,OK
1072,2144.0,33.1,image_sweep_check,30.1,OK
1073,2146.0,33.3,OK_inner,30.1,OK
1074,2148.0,33.4,OK_inner,30.1,OK
1075,2150.0,33.1,OK_inner,30.2,image_sweep_check
1076,2152.0,33.3,OK_inner,30.2,OK_inner
1077,2154.0,33.4,OK_inner,30.2,image_sweep_check
1078,2156.0,33.0,OK_inner,30.2,OK_inner
1079,2158.0,33.1,image_sweep_check,30.2,image_sweep_check
1080,2160.0,33.3,OK_inner,30.2,OK_inner
1081,2162.0,33.0,OK_inner,30.2,OK_inner
1082,2164.0,33.1,image_sweep_check,30.2,image_sweep_check
1083,2166.0,33.3,OK_inner,30.2,OK_inner
1084,2168.0,33.0,OK_inner,30.2,OK_inner
1085,2170.0,33.1,image_sweep_check,30.2,image_sweep_check
1086,2172.0,33.1,image_sweep_check,30.2,image_sweep_check
1087,2174.0,33.0,OK_inner,30.2,OK_inner
1088,2176.0,33.1,image_sweep_check,30.2,image_sweep_check
1089,2178.0,33.3,OK_inner,30.2,image_sweep_check
1090,2180.0,32.8,OK,30.2,image_sweep_check
1091,2182.0,,error,30.2,image_sweep_check
1092,2184.0,33.3,OK_inner,30.2,image_sweep_check
1093,2186.0,33.0,OK_inner,30.2,image_sweep_check
1094,2188.0,33.0,OK_inner,30.2,OK_inner
1095,2190.0,33.1,image_sweep_check,30.2,image_sweep_check
1096,2192.0,32.8,OK,30.2,OK_inner
1097,2194.0,33.0,OK_inner,30.2,OK_inner
1098,2196.0,33.1,image_sweep_check,30.2,image_sweep_check
1099,2198.0,32.8,OK,30.2,image_sweep_check
1100,2200.0,33.0,OK_inner,30.2,OK_inner
1101,2202.0,33.1,image_sweep_check,30.2,image_sweep_check
1102,2204.0,32.8,OK,30.2,OK_inner
1103,2206.0,32.8,OK,30.2,OK_inner
1104,2208.0,33.1,image_sweep_check,30.2,image_sweep_check
1105,2210.0,32.7,OK,30.2,OK_inner
1106,2212.0,32.7,OK,30.3,OK
1107,2214.0,33.0,OK_inner,30.4,OK
1108,2216.0,32.5,OK,30.4,OK
1109,2218.0,32.7,OK,30.5,image_sweep_check
1110,2220.0,32.7,OK,30.5,OK
1111,2222.0,32.4,OK,30.6,OK
1112,2224.0,32.5,OK,30.6,OK_inner
1113,2226.0,32.7,OK,30.6,OK_inner
1114,2228.0,32.4,OK,30.6,OK
1115,2230.0,32.5,OK,30.6,OK_inner
1116,2232.0,32.7,OK,30.6,OK_inner
1117,2234.0,32.4,OK,30.5,OK
1118,2236.0,32.5,OK,30.5,OK
1119,2238.0,32.7,OK,30.5,OK_inner
1120,2240.0,32.4,OK,30.5,OK_inner
1121,2242.0,32.5,OK,30.5,OK_inner
1122,2244.0,32.7,OK,30.5,OK_inner
1123,2246.0,32.4,OK,30.5,OK_inner
1124,2248.0,32.4,OK,30.5,OK_inner
1125,2250.0,32.7,OK,30.6,OK
1126,2252.0,32.2,OK,30.6,OK
1127,2254.0,32.4,OK,30.6,OK_inner
1128,2256.0,32.5,OK,30.6,OK
1129,2258.0,32.2,OK,30.6,OK
1130,2260.0,32.2,OK,30.6,OK_inner
1131,2262.0,32.4,OK,30.6,OK
1132,2264.0,32.2,OK,30.6,OK_inner
1133,2266.0,32.2,OK,30.7,OK_inner
1134,2268.0,32.4,OK,30.7,OK_inner
1135,2270.0,32.1,OK_inner,30.6,OK_inner
1136,2272.0,32.2,OK,30.6,OK
1137,2274.0,32.4,OK,30.6,OK_inner
1138,2276.0,32.1,OK_inner,30.6,OK
1139,2278.0,32.2,OK,30.6,OK_inner
1140,2280.0,32.4,OK,30.6,OK
1141,2282.0,32.1,OK_inner,30.6,OK
1142,2284.0,32.2,OK,30.6,OK
1143,2286.0,32.4,OK,30.6,OK_inner
1144,2288.0,32.1,OK_inner,30.6,OK
1145,2290.0,32.1,OK_inner,30.6,OK
1146,2292.0,32.4,OK,30.6,OK_inner
1147,2294.0,32.1,OK_inner,30.6,OK_inner
1148,2296.0,32.2,OK,30.6,OK_inner
1149,2298.0,32.2,OK,30.7,OK_inner
1150,2300.0,31.9,OK,30.7,OK_inner
1151,2302.0,31.9,OK,30.7,OK_inner
1152,2304.0,32.2,OK,30.7,OK_inner
1153,2306.0,31.9,OK,30.7,OK_inner
1154,2308.0,31.9,OK,30.7,OK_inner
1155,2310.0,32.2,OK,30.8,OK
1156,2312.0,31.9,OK,30.8,OK
1157,2314.0,31.9,OK,30.7,OK_inner
1158,2316.0,32.1,OK_inner,30.7,OK_inner
1159,2318.0,31.9,OK,30.7,OK_inner
1160,2320.0,32.1,OK_inner,30.7,OK_inner
1161,2322.0,32.1,OK_inner,30.7,OK_inner
1162,2324.0,31.8,OK,30.7,OK_inner
1163,2326.0,31.9,OK,30.7,OK_inner
1164,2328.0,32.1,OK_inner,30.7,OK_inner
1165,2330.0,31.8,OK,30.7,OK_inner
1166,2332.0,31.9,OK,30.7,OK_inner
1167,2334.0,32.1,OK_inner,30.7,OK_inner
1168,2336.0,31.8,OK,30.7,OK_inner
1169,2338.0,31.9,OK,30.7,OK_inner
1170,2340.0,32.1,OK_inner,30.7,OK_inner
1171,2342.0,31.8,OK,30.7,OK_inner
1172,2344.0,31.9,OK,30.7,OK_inner
1173,2346.0,32.1,OK_inner,30.7,OK_inner
1174,2348.0,31.8,OK,30.7,OK_inner
1175,2350.0,31.9,OK,30.7,OK_inner
1176,2352.0,32.1,OK,30.7,OK_inner
1177,2354.0,31.8,OK,30.7,OK_inner
1178,2356.0,31.8,OK,30.7,OK_inner
1179,2358.0,32.1,OK_inner,30.7,OK_inner
1180,2360.0,31.6,OK,30.7,OK_inner
1181,2362.0,31.8,OK,30.7,OK_inner
1182,2364.0,32.1,OK_inner,30.7,OK_inner
1183,2366.0,31.8,OK,30.8,OK
1184,2368.0,31.8,OK,30.8,OK
1185,2370.0,31.9,OK,30.9,OK_inner
1186,2372.0,31.5,OK,30.9,OK_inner
1187,2374.0,31.6,OK,31.0,OK
1188,2376.0,31.8,OK,31.1,OK
1189,2378.0,31.3,OK_inner,31.1,OK
1190,2380.0,31.5,OK,31.2,OK_inner
1191,2382.0,31.6,OK,31.2,OK_inner
1192,2384.0,31.3,OK,31.2,OK_inner
1193,2386.0,31.5,OK,31.2,OK_inner
1194,2388.0,31.6,OK,31.2,OK_inner
1195,2390.0,31.3,OK,31.1,OK
1196,2392.0,31.5,OK,31.1,OK
1197,2394.0,31.6,OK,31.1,OK
1198,2396.0,31.2,OK,31.1,OK
1199,2398.0,31.3,OK,31.1,OK
1200,2400.0,31.6,OK,31.1,OK
1201,2402.0,31.3,OK,31.1,OK
1202,2404.0,31.3,OK,31.1,OK
1203,2406.0,31.6,OK,31.1,OK
1204,2408.0,31.3,OK,31.1,OK
1205,2410.0,31.3,OK,31.1,OK
1206,2412.0,31.6,OK,31.1,OK
1207,2414.0,31.2,OK,31.2,OK_inner
1208,2416.0,31.3,OK,31.2,OK_inner
1209,2418.0,31.3,OK_inner,31.3,OK
1210,2420.0,31.0,OK,31.3,OK
1211,2422.0,31.0,OK,31.4,OK
1212,2424.0,31.3,OK,31.4,OK
1213,2426.0,31.0,OK,31.4,OK
1214,2428.0,31.0,OK,31.4,OK
1215,2430.0,31.3,OK,31.4,OK
1216,2432.0,30.9,OK_inner,31.4,OK
1217,2434.0,31.0,OK,31.4,OK
1218,2436.0,31.2,OK,31.4,OK
1219,2438.0,30.9,OK,31.3,OK
1220,2440.0,30.0,OK,31.4,OK
1221,2442.0,31.3,OK,31.4,OK
1222,2444.0,30.9,OK_inner,31.3,OK
1223,2446.0,31.0,OK,31.4,OK
1224,2448.0,31.2,OK,31.4,OK
1225,2450.0,30.0,OK,31.4,OK
1226,2452.0,30.9,OK,31.8,OK
1227,2454.0,31.0,OK,31.4,OK
1228,2456.0,30.9,OK_inner,31.4,OK
1229,2458.0,30.0,OK,31.4,OK
1230,2460.0,31.2,OK,31.4,OK
1231,2462.0,30.7,OK,31.4,OK
1232,2464.0,30.0,OK,31.4,OK
1233,2466.0,31.2,OK,31.4,OK
1234,2468.0,30.9,OK,31.4,OK
1235,2470.0,30.9,image_sweep_check,31.4,OK
1236,2472.0,31.0,OK,31.4,OK
1237,2474.0,30.9,OK_inner,31.4,OK
1238,2476.0,30.0,OK,31.4,OK
1239,2478.0,31.0,OK,31.4,OK
1240,2480.0,30.8,OK,31.4,OK
1241,2482.0,30.9,OK_inner,31.5,OK
1242,2484.0,31.0,OK,31.4,OK
1243,2486.0,30.8,OK,31.4,OK
1244,2488.0,30.8,OK,31.4,OK
1245,2490.0,30.9,OK_inner,31.5,OK
1246,2492.0,30.8,OK,31.5,OK
1247,2494.0,30.6,OK_inner,31.5,OK
1248,2496.0,30.0,OK,31.5,OK
1249,2498.0,30.8,OK,31.5,OK
1250,2500.0,30.8,OK,31.5,OK
1251,2502.0,31.0,OK,31.5,OK
1252,2504.0,30.8,OK,31.5,OK
1253,2506.0,30.8,OK,31.5,OK
1254,2508.0,30.0,OK,31.5,OK
1255,2510.0,30.8,OK,31.5,OK
1256,2512.0,30.8,OK_inner,31.5,OK
1257,2514.0,30.9,OK_inner,31.5,OK
1258,2516.0,30.8,OK_inner,31.5,OK
1259,2518.0,30.8,OK,31.5,OK
1260,2520.0,30.0,OK,31.5,OK
1261,2522.0,30.6,OK,31.5,OK
1262,2524.0,30.6,OK,31.5,OK
1263,2526.0,30.0,OK,31.5,OK
1264,2528.0,30.6,OK,31.5,OK
1265,2530.0,30.7,OK,31.5,OK
1266,2532.0,30.9,OK,31.5,OK
1267,2534.0,30.6,OK,31.5,OK
1268,2536.0,30.4,OK,31.5,OK
1269,2538.0,30.9,OK_inner,31.5,OK
1270,2540.0,30.6,OK,31.5,OK
1271,2542.0,30.6,OK,31.5,OK
1272,2544.0,30.9,OK_inner,31.5,OK
1273,2546.0,30.8,OK,31.5,OK
1274,2548.0,30.8,OK,31.5,OK
1275,2550.0,30.9,OK,31.5,OK
1276,2552.0,30.6,OK,31.5,OK
1277,2554.0,30.6,OK,31.5,OK
1278,2556.0,30.9,OK,31.5,OK
1279,2558.0,30.6,OK,31.5,OK
1280,2560.0,30.8,OK,31.5,OK
1281,2562.0,30.9,OK,31.5,OK
1282,2564.0,30.4,OK_inner,31.5,OK
1283,2566.0,30.6,OK,31.5,OK
1284,2568.0,30.9,OK_inner,31.5,OK
1285,2570.0,30.4,OK_inner,31.5,OK
1286,2572.0,30.6,OK,31.5,OK
1287,2574.0,30.0,OK,31.5,OK
1288,2576.0,30.6,OK,31.5,OK
1289,2578.0,30.4,OK,31.5,OK
1290,2580.0,30.9,OK_inner,31.5,OK
1291,2582.0,30.6,OK,31.5,OK
1292,2584.0,30.4,OK,31.5,OK
1293,2586.0,30.9,OK,31.5,OK
1294,2588.0,30.6,OK,31.5,OK
1295,2590.0,30.4,OK,31.5,OK
1296,2592.0,30.9,OK,31.5,OK
1297,2594.0,30.6,OK,31.5,OK
1298,2596.0,30.6,OK,31.5,OK
1299,2598.0,30.9,OK,31.5,OK
1300,2600.0,30.4,OK_inner,31.5,OK
1301,2602.0,30.6,OK,31.5,OK
1302,2604.0,30.9,OK,31.5,OK
1303,2606.0,30.6,OK,31.5,OK
1304,2608.0,30.6,OK,31.5,OK
1305,2610.0,30.7,OK,31.5,OK
1306,2612.0,30.4,OK_inner,31.6,OK
1307,2614.0,30.4,OK,31.6,OK
1308,2616.0,30.0,OK,31.6,OK
1309,2618.0,30.6,OK,31.6,OK
1310,2620.0,30.4,OK,31.6,OK
1311,2622.0,30.9,OK,31.6,OK
1312,2624.0,30.4,OK_inner,31.6,OK
1313,2626.0,30.8,OK_inner,31.6,OK
1314,2628.0,30.7,OK,31.6,OK
1315,2630.0,30.4,image_sweep_check,31.6,OK
1316,2632.0,30.4,OK,31.6,OK
1317,2634.0,30.8,OK,31.6,OK
1318,2636.0,30.4,OK_inner,31.6,OK
1319,2638.0,30.4,OK,31.6,OK
1320,2640.0,30.0,OK,31.6,OK
1321,2642.0,30.3,OK_inner,31.6,OK
1322,2644.0,30.4,OK,31.6,OK
1323,2646.0,30.6,OK,31.6,OK
1324,2648.0,30.3,OK_inner,31.6,OK
1325,2650.0,30.3,OK,31.6,OK
1326,2652.0,30.7,OK,31.6,OK
1327,2654.0,30.3,OK,31.6,OK
1328,2656.0,30.8,OK,31.6,OK
1329,2658.0,30.7,OK,31.6,OK
1330,2660.0,30.3,OK,31.6,OK
1331,2662.0,30.4,OK,31.6,OK
1332,2664.0,30.7,OK,31.6,OK
1333,2666.0,30.4,OK,31.6,OK
1334,2668.0,30.3,OK,31.6,OK
1335,2670.0,30.6,OK,31.6,OK
1336,2672.0,30.3,OK_inner,31.6,OK
1337,2674.0,30.3,OK,31.6,OK
1338,2676.0,30.6,OK,31.6,OK
1339,2678.0,30.3,OK_inner,31.6,OK
1340,2680.0,30.3,OK,31.6,OK
1341,2682.0,30.7,OK,31.6,OK
1342,2684.0,30.3,OK_inner,31.6,OK
1343,2686.0,30.3,OK,31.6,OK
1344,2688.0,30.7,OK,31.6,OK
1345,2690.0,30.3,OK,31.6,OK
1346,2692.0,30.3,OK,31.6,OK
1347,2694.0,30.7,OK,31.6,OK
1348,2696.0,30.3,OK_inner,31.6,OK
1349,2698.0,30.8,OK,31.6,OK
1350,2700.0,30.7,OK,31.6,OK
1351,2702.0,30.3,OK,31.6,OK
1352,2704.0,30.3,OK,31.6,OK
1353,2706.0,30.6,OK,31.6,OK
1354,2708.0,30.3,OK_inner,31.6,OK
1355,2710.0,30.3,OK,31.6,OK
1356,2712.0,30.6,OK,31.6,OK
1357,2714.0,30.3,OK_inner,31.6,OK
1358,2716.0,30.3,OK_inner,31.6,OK
1359,2718.0,30.6,OK,31.6,OK
1360,2720.0,30.3,OK,31.6,OK
1361,2722.0,30.3,OK,31.6,OK
1362,2724.0,30.6,OK,31.6,OK
1363,2726.0,30.1,OK_inner,31.7,OK_inner
1364,2728.0,30.3,OK,31.8,OK
1365,2730.0,30.6,OK,31.8,OK
1366,2732.0,30.1,OK_inner,31.9,OK
1367,2734.0,30.1,image_sweep_check,31.9,OK
1368,2736.0,30.4,OK_inner,32.0,OK
1369,2738.0,30.0,OK_inner,32.0,OK
1370,2740.0,30.0,OK,32.0,OK
1371,2742.0,30.4,OK,32.0,OK
1372,2744.0,30.1,OK_inner,32.0,OK
1373,2746.0,30.1,OK_inner,32.0,OK
1374,2748.0,30.3,OK_inner,31.9,OK
1375,2750.0,30.1,OK,31.9,OK
1376,2752.0,30.0,OK,31.9,OK
1377,2754.0,30.3,OK,31.9,OK
1378,2756.0,30.0,OK_inner,31.9,OK
1379,2758.0,30.0,OK,31.9,OK
1380,2760.0,30.3,OK,31.9,OK
1381,2762.0,30.0,OK_inner,31.9,OK
1382,2764.0,30.0,OK,31.9,OK
1383,2766.0,30.3,OK_inner,31.9,OK
1384,2768.0,30.0,OK_inner,31.9,OK
1385,2770.0,30.0,OK,32.0,OK
1386,2772.0,30.4,OK,32.0,OK
1387,2774.0,30.0,OK_inner,32.0,OK
1388,2776.0,30.0,OK,32.0,OK
1389,2778.0,30.3,OK_inner,32.0,OK
1390,2780.0,30.0,OK,32.0,OK
1391,2782.0,30.0,OK_inner,32.0,OK
1392,2784.0,30.3,OK_inner,32.0,OK
1393,2786.0,30.0,OK,32.0,OK
1394,2788.0,30.0,OK_inner,32.0,OK
1395,2790.0,30.3,OK,32.0,OK
1396,2792.0,30.0,OK_inner,32.0,OK
1397,2794.0,30.0,OK,32.0,OK
1398,2796.0,30.3,OK,32.0,OK
1399,2798.0,30.0,OK_inner,32.0,OK
1400,2800.0,30.0,OK,32.0,OK
1401,2802.0,30.3,OK_inner,32.0,OK
1402,2804.0,30.0,OK,32.0,OK
1403,2806.0,30.0,OK,32.0,OK
1404,2808.0,30.3,OK,32.0,OK
1405,2810.0,30.0,OK,32.0,OK
1406,2812.0,30.0,OK,32.0,OK
1407,2814.0,30.1,OK_inner,32.0,OK
1408,2816.0,29.8,OK,32.0,OK
1409,2818.0,30.0,OK,32.0,OK
1410,2820.0,30.1,OK_inner,32.0,OK
1411,2822.0,29.8,OK,32.1,OK
1412,2824.0,29.8,OK,32.2,OK_inner
1413,2826.0,30.1,OK,32.3,image_sweep_check
1414,2828.0,29.5,OK,32.4,OK
1415,2830.0,29.4,OK,32.5,OK
1416,2832.0,29.7,OK,32.6,OK
1417,2834.0,29.2,OK,32.7,OK_inner
1418,2836.0,29.2,OK,32.8,OK
1419,2838.0,29.7,OK,32.8,OK
1420,2840.0,29.2,OK,32.9,OK
1421,2842.0,29.2,OK,32.9,OK
1422,2844.0,29.4,OK_inner,32.9,OK
1423,2846.0,29.1,OK_inner,32.9,OK
1424,2848.0,29.1,OK,32.9,OK
1425,2850.0,29.4,OK_inner,32.9,OK
1426,2852.0,29.1,OK,32.9,OK
1427,2854.0,29.1,OK,32.9,OK
1428,2856.0,29.4,OK_inner,32.9,OK
1429,2858.0,28.9,OK_inner,32.9,OK
1430,2860.0,28.9,OK,33.0,OK
1431,2862.0,29.2,OK,33.0,OK_inner
1432,2864.0,28.9,OK,33.0,OK_inner
1433,2866.0,28.9,OK_inner,33.0,OK_inner
1434,2868.0,29.1,OK_inner,33.1,OK
1435,2870.0,28.6,OK,33.2,image_sweep_check
1436,2872.0,28.6,OK,33.2,OK_inner
1437,2874.0,28.9,OK_inner,33.3,image_sweep_check
1438,2876.0,28.6,OK,33.4,OK_inner
1439,2878.0,28.5,OK,33.4,OK_inner
1440,2880.0,28.8,OK,33.4,OK_inner
1441,2882.0,28.5,OK_inner,33.4,OK_inner
1442,2884.0,28.5,OK_inner,33.5,OK_inner
1443,2886.0,28.6,OK,33.5,OK
1444,2888.0,28.3,OK_inner,33.5,OK_inner
1445,2890.0,28.3,OK_inner,33.5,OK
1446,2892.0,28.6,OK,33.5,OK_inner
1447,2894.0,28.2,OK,33.5,OK
1448,2896.0,28.3,OK_inner,33.6,OK_inner
1449,2898.0,28.5,OK_inner,33.6,OK_inner
1450,2900.0,28.2,OK,33.6,OK
1451,2902.0,28.2,OK,33.6,OK
1452,2904.0,28.5,OK_inner,33.6,OK_inner
1453,2906.0,28.2,OK,33.6,OK
1454,2908.0,28.2,OK,33.6,OK_inner
1455,2910.0,28.5,OK_inner,33.7,OK_inner
1456,2912.0,28.0,OK_inner,33.7,OK_inner
1457,2914.0,28.0,OK_inner,33.7,OK_inner
1458,2916.0,28.3,OK_inner,33.7,OK_inner
1459,2918.0,27.9,OK,33.8,OK_inner
1460,2920.0,27.9,OK,33.8,OK_inner
1461,2922.0,28.3,OK_inner,33.8,OK
1462,2924.0,27.9,OK,33.9,OK_inner
1463,2926.0,27.7,OK,33.9,OK_inner
1464,2928.0,28.2,OK,33.9,OK_inner
1465,2930.0,27.7,OK,34.0,OK
1466,2932.0,27.7,OK,34.0,OK
1467,2934.0,28.0,OK_inner,34.0,OK
1468,2936.0,27.7,OK,33.9,OK_inner
1469,2938.0,27.7,OK,33.9,OK
1470,2940.0,28.0,OK_inner,33.9,OK_inner
1471,2942.0,27.7,OK,33.9,OK_inner
1472,2944.0,27.7,OK,33.9,OK_inner
1473,2946.0,28.0,OK_inner,33.9,OK_inner
1474,2948.0,27.6,OK,34.0,OK
1475,2950.0,27.6,OK,34.0,OK
1476,2952.0,28.0,OK_inner,34.0,OK
1477,2954.0,27.6,OK,34.0,OK
1478,2956.0,27.6,OK,34.0,OK
1479,2958.0,27.9,OK,34.0,OK
1480,2960.0,27.6,OK,34.0,OK
1481,2962.0,27.6,OK,34.0,OK
1482,2964.0,27.9,OK,34.0,OK
1483,2966.0,27.4,OK_inner,34.1,OK
1484,2968.0,27.4,OK,34.1,OK
1485,2970.0,27.7,OK,34.1,OK
1486,2972.0,27.4,OK_inner,34.2,image_sweep_check
1487,2974.0,27.4,OK,34.2,OK_inner
1488,2976.0,27.7,OK,34.2,OK_inner
1489,2978.0,27.3,OK,34.2,OK_inner
1490,2980.0,27.3,OK,34.2,OK_inner
1491,2982.0,27.7,OK,34.2,OK_inner
1492,2984.0,27.3,OK,34.2,OK_inner
1493,2986.0,27.3,OK,34.2,OK_inner
1494,2988.0,27.6,OK,34.2,OK_inner
1495,2990.0,27.3,OK,34.2,OK_inner
1496,2992.0,27.3,OK,34.2,OK_inner
1497,2994.0,27.6,OK,34.2,OK_inner
1498,2996.0,27.1,image_sweep_check,34.2,OK_inner
1499,2998.0,27.1,OK_inner,34.2,OK_inner
1500,3000.0,27.6,OK,34.2,OK_inner
1501,3002.0,27.1,OK_inner,34.2,OK_inner
1502,3004.0,27.1,image_sweep_check,34.2,OK_inner
1503,3006.0,27.4,OK,34.2,OK_inner
1504,3008.0,27.1,OK_inner,34.2,OK
1505,3010.0,27.1,OK_inner,34.2,OK_inner
1506,3012.0,27.4,OK_inner,34.2,OK_inner
1507,3014.0,27.1,OK_inner,34.2,OK_inner
1508,3016.0,27.1,OK_inner,34.2,image_sweep_check
1509,3018.0,27.4,OK_inner,34.2,OK_inner
1510,3020.0,27.1,image_sweep_check,34.2,OK_inner
1511,3022.0,27.1,image_sweep_check,34.2,OK_inner
1512,3024.0,27.3,OK,34.2,OK_inner
1513,3026.0,27.0,OK,34.2,OK_inner
1514,3028.0,27.1,image_sweep_check,34.2,OK_inner
1515,3030.0,27.3,OK,34.2,OK_inner
1516,3032.0,27.0,OK,34.3,OK
1517,3034.0,27.0,OK,34.4,OK
1518,3036.0,27.1,OK_inner,34.4,OK
1519,3038.0,26.7,OK,34.5,OK
1520,3040.0,26.7,OK,34.6,OK
1521,3042.0,27.0,OK,34.7,OK_inner
1522,3044.0,26.5,OK,34.8,OK
1523,3046.0,26.5,OK,34.9,OK
1524,3048.0,26.8,OK,34.9,OK
1525,3050.0,26.4,OK_inner,35.0,image_sweep_check
1526,3052.0,26.4,OK,35.0,OK_inner
1527,3054.0,26.7,OK,35.1,OK
1528,3056.0,26.4,OK_inner,,error
1529,3058.0,26.4,image_sweep_check,35.0,OK_inner
1530,3060.0,26.7,OK,35.0,OK_inner
1531,3062.0,26.4,OK_inner,35.0,OK_inner
1532,3064.0,26.4,OK_inner,34.9,OK
1533,3066.0,26.7,OK,34.9,OK
1534,3068.0,26.2,OK,34.9,OK
1535,3070.0,26.2,OK,34.9,OK
1536,3072.0,26.7,OK,35.0,OK_inner
1537,3074.0,26.2,OK,35.0,OK_inner
1538,3076.0,26.2,OK,35.1,OK_inner
1539,3078.0,26.4,OK_inner,35.1,OK
1540,3080.0,26.1,image_sweep_check,55.2,image_sweep_check
1541,3082.0,26.1,image_sweep_check,35.3,OK
1542,3084.0,26.2,OK,,error
1543,3086.0,25.9,image_sweep_check,35.4,OK_inner
1544,3088.0,25.9,image_sweep_check,,error
1545,3090.0,26.1,image_sweep_check,,error
1546,3092.0,25.8,OK,,error
1547,3094.0,25.8,OK,,error
1548,3096.0,26.1,image_sweep_check,,error
1549,3098.0,25.6,image_sweep_check,,error
1550,3100.0,25.6,image_sweep_check,,error
1551,3102.0,25.9,image_sweep_check,35.6,OK_inner
1552,3104.0,25.6,OK_inner,35.6,OK_inner
1553,3106.0,25.6,OK_inner,,error
1554,3108.0,25.9,image_sweep_check,35.6,OK_inner
1555,3110.0,25.6,OK_inner,35.6,OK_inner
1556,3112.0,25.6,OK_inner,35.6,OK_inner
1557,3114.0,25.8,OK,35.6,OK_inner
1558,3116.0,25.5,OK,35.6,OK_inner
1559,3118.0,25.6,OK_inner,35.6,OK_inner
1560,3120.0,25.9,OK_inner,35.6,OK_inner
1561,3122.0,25.5,image_sweep_check,35.6,OK_inner
1562,3124.0,25.5,OK,35.7,image_sweep_check
1563,3126.0,25.8,OK,35.7,OK_inner
1564,3128.0,25.5,OK,35.7,OK_inner
1565,3130.0,25.5,OK,35.7,OK_inner
1566,3132.0,25.8,OK,35.7,OK_inner
1567,3134.0,25.3,OK_inner,35.8,image_sweep_check
1568,3136.0,25.3,image_sweep_check,35.8,OK
1569,3138.0,25.6,OK_inner,,error
1570,3140.0,25.3,image_sweep_check,,error
1571,3142.0,25.3,image_sweep_check,,error
1572,3144.0,25.5,OK,,error
1573,3146.0,25.2,OK,,error
1574,3148.0,25.2,OK,35.9,image_sweep_check
1575,3150.0,25.6,OK,,error
1576,3152.0,25.2,OK,,error
1577,3154.0,25.2,OK,,error
1578,3156.0,25.5,image_sweep_check,35.9,image_sweep_check
1579,3158.0,25.2,OK,,error
1580,3160.0,25.2,OK,,error
1581,3162.0,25.3,image_sweep_check,,error
1582,3164.0,25.2,OK,35.9,image_sweep_check
1583,3166.0,25.2,OK_inner,,error
1584,3168.0,28.1,image_sweep_check,36.0,OK
1585,3170.0,26.3,OK_inner,36.0,OK_inner
1586,3172.0,24.7,OK,36.0,OK
1587,3174.0,24.6,OK,36.0,OK
1588,3176.0,23.4,OK,36.0,OK
1589,3178.0,23.2,OK,36.1,OK
1590,3180.0,24.8,OK,36.1,OK
1591,3182.0,24.9,OK,36.1,OK
1592,3184.0,24.7,OK,36.1,OK
1593,3186.0,24.8,OK,36.1,image_sweep_check
1594,3188.0,24.9,OK,36.1,OK
1595,3190.0,24.7,OK,36.1,OK
1596,3192.0,24.8,OK,36.1,OK
1597,3194.0,24.8,OK,36.1,OK_inner
1598,3196.0,24.7,OK,36.1,OK
1599,3198.0,24.8,OK,36.1,OK
1600,3200.0,24.8,OK,36.1,OK
1601,3202.0,24.7,OK,36.1,OK
1602,3204.0,24.7,OK,36.1,OK
1603,3206.0,24.8,OK,36.1,OK
1604,3208.0,24.7,OK,36.1,OK
1605,3210.0,24.7,OK,36.1,OK
1606,3212.0,24.7,OK,36.1,OK
1607,3214.0,24.5,OK,36.2,OK_inner
1608,3216.0,24.5,OK,36.3,OK
1609,3218.0,24.5,OK,36.4,OK_inner
1610,3220.0,24.3,OK,36.5,OK
1611,3222.0,24.3,OK,36.6,OK
1612,3224.0,24.3,OK,36.7,image_sweep_check
1613,3226.0,24.2,OK,36.7,OK_inner
1614,3228.0,24.2,image_sweep_check,36.7,image_sweep_check
1615,3230.0,24.2,OK,36.7,OK_inner
1616,3232.0,24.1,image_sweep_check,36.7,OK_inner
1617,3234.0,24.2,OK,36.7,image_sweep_check
1618,3236.0,24.2,OK,36.7,OK_inner
1619,3238.0,24.1,image_sweep_check,36.7,image_sweep_check
1620,3240.0,24.2,OK,36.7,image_sweep_check
1621,3242.0,24.2,OK,36.7,OK_inner
1622,3244.0,24.1,OK,36.7,OK_inner
1623,3246.0,24.1,OK_inner,36.7,OK_inner
1624,3248.0,24.2,OK,36.7,OK_inner
1625,3250.0,24.0,OK,36.7,OK_inner
1626,3252.0,24.1,OK_inner,36.8,OK
1627,3254.0,24.1,OK_inner,36.8,OK
1628,3256.0,23.9,OK_inner,36.9,OK
1629,3258.0,23.9,OK_inner,36.9,OK
1630,3260.0,24.0,OK,36.9,OK
1631,3262.0,23.8,OK,37.0,OK
1632,3264.0,23.9,OK,37.0,OK
1633,3266.0,23.9,OK_inner,37.1,OK
1634,3268.0,23.8,OK,37.1,OK
1635,3270.0,23.8,OK,37.1,OK
1636,3272.0,23.9,OK,37.1,OK
1637,3274.0,23.0,OK,37.1,OK
1638,3276.0,23.8,OK_inner,37.1,OK
1639,3278.0,23.8,OK,37.1,OK
1640,3280.0,23.6,OK,37.1,OK
1641,3282.0,23.8,OK,37.1,OK
1642,3284.0,23.8,OK,37.1,OK
1643,3286.0,23.6,OK,37.1,OK
1644,3288.0,23.8,OK_inner,37.1,OK
1645,3290.0,23.8,OK,37.1,OK
1646,3292.0,23.6,OK,37.1,OK
1647,3294.0,23.6,OK,37.1,OK
1648,3296.0,23.8,OK,37.1,OK
1649,3298.0,23.6,OK,37.1,OK
1650,3300.0,23.6,OK,37.1,OK
1651,3302.0,23.7,OK_inner,37.2,OK_inner
1652,3304.0,23.6,OK,37.2,OK_inner
1653,3306.0,23.6,OK,37.2,OK_inner
1654,3308.0,23.6,OK_inner,37.3,OK
1655,3310.0,23.0,OK,37.3,image_sweep_check
1656,3312.0,23.4,OK,37.3,OK
1657,3314.0,23.5,OK,37.3,OK
1658,3316.0,23.5,OK,37.3,OK_inner
1659,3318.0,23.5,OK_inner,37.4,OK
1660,3320.0,23.5,OK,37.4,OK
1661,3322.0,23.3,OK_inner,37.4,OK_inner
1662,3324.0,23.4,OK_inner,37.4,OK
1663,3326.0,23.5,OK,37.4,OK
1664,3328.0,23.3,OK_inner,37.4,OK
1665,3330.0,23.6,OK,37.4,OK
1666,3332.0,23.6,OK,37.4,OK_inner
1667,3334.0,23.3,OK,37.4,OK
1668,3336.0,23.3,OK_inner,37.4,OK
1669,3338.0,23.4,OK_inner,37.4,OK
1670,3340.0,23.3,OK_inner,37.4,OK
1671,3342.0,23.3,OK_inner,37.4,OK
1672,3344.0,23.4,OK_inner,37.4,OK
1673,3346.0,23.3,OK_inner,37.4,OK
1674,3348.0,23.2,OK_inner,37.4,OK
1675,3350.0,23.3,OK_inner,37.4,OK
1676,3352.0,23.3,OK_inner,37.4,OK
1677,3354.0,23.2,OK,37.4,OK
1678,3356.0,23.3,OK_inner,37.4,OK
1679,3358.0,23.3,OK_inner,37.5,OK
1680,3360.0,23.2,OK,37.5,OK
1681,3362.0,23.3,OK_inner,37.4,OK
1682,3364.0,23.3,OK_inner,37.5,OK
1683,3366.0,23.2,OK,37.5,OK
1684,3368.0,23.3,OK_inner,37.5,OK
1685,3370.0,23.2,OK,37.5,OK
1686,3372.0,23.2,OK,37.5,OK
1687,3374.0,23.3,OK_inner,37.5,OK
1688,3376.0,23.3,OK_inner,37.5,OK
1689,3378.0,23.2,OK,37.5,OK
1690,3380.0,23.2,OK_inner,37.5,OK
1691,3382.0,23.2,OK,37.5,OK
1692,3384.0,23.2,OK,37.5,OK
1693,3386.0,23.3,OK_inner,37.5,OK
1694,3388.0,23.2,OK,37.5,OK
1695,3390.0,23.2,OK,37.5,OK
1696,3392.0,23.2,OK,37.5,OK
1697,3394.0,23.2,OK,37.5,OK
1698,3396.0,23.1,image_sweep_check,37.5,OK
1699,3398.0,23.2,OK,37.5,OK
1700,3400.0,23.2,OK_inner,37.5,OK
1701,3402.0,23.0,image_sweep_check,37.5,OK
1702,3404.0,23.2,OK,37.5,OK
1703,3406.0,23.2,OK,37.5,OK
1704,3408.0,23.0,OK_inner,37.5,OK
1705,3410.0,23.2,OK,37.5,OK
1706,3412.0,23.0,OK_inner,37.5,OK
1707,3414.0,23.0,OK_inner,37.5,OK
1708,3416.0,23.2,OK,37.5,OK
1709,3418.0,23.0,OK_inner,37.5,OK
1710,3420.0,23.0,OK_inner,37.5,OK
1711,3422.0,23.2,OK,37.5,OK
1712,3424.0,23.0,OK_inner,37.5,OK
1713,3426.0,23.0,OK_inner,37.5,OK
1714,3428.0,23.2,OK,37.5,OK
1715,3430.0,23.0,OK_inner,37.5,OK
1716,3432.0,23.0,OK_inner,37.5,OK
1717,3434.0,23.1,OK_inner,37.5,OK
1718,3436.0,23.0,OK_inner,37.5,OK
1719,3438.0,23.0,OK_inner,37.5,OK
1720,3440.0,23.1,OK_inner,37.5,OK
1721,3442.0,23.0,OK_inner,37.5,OK
1722,3444.0,23.0,OK_inner,37.5,OK
1723,3446.0,23.1,OK_inner,37.5,OK
1724,3448.0,23.0,OK_inner,37.5,OK
1725,3450.0,23.0,OK_inner,37.5,OK
1726,3452.0,23.1,OK_inner,37.5,OK
1727,3454.0,23.2,OK_inner,37.5,OK
1728,3456.0,23.0,OK_inner,37.5,OK
1729,3458.0,23.1,OK_inner,37.5,OK
1730,3460.0,23.0,OK_inner,37.6,OK
1731,3462.0,23.9,OK,37.6,OK
1732,3464.0,23.0,OK_inner,37.6,OK
1733,3466.0,23.0,OK,37.6,OK
1734,3468.0,22.9,OK_inner,37.6,OK
1735,3470.0,23.0,OK_inner,37.6,OK
1736,3472.0,23.0,OK,37.6,OK
1737,3474.0,23.9,OK,37.6,OK
1738,3476.0,23.0,OK_inner,37.6,OK
1739,3478.0,23.0,OK_inner,37.6,OK
1740,3480.0,23.9,OK,37.6,OK
1741,3482.0,23.0,OK_inner,37.6,OK
1742,3484.0,23.0,OK,37.6,OK
1743,3486.0,22.9,OK_inner,37.6,OK
1744,3488.0,23.0,OK_inner,37.6,OK
1745,3490.0,23.0,OK_inner,37.6,OK
1746,3492.0,22.9,OK_inner,37.6,OK
1747,3494.0,23.0,OK_inner,37.6,OK
1748,3496.0,23.0,OK_inner,37.6,OK
1749,3498.0,23.0,OK,37.6,OK
1750,3500.0,23.0,OK,37.6,OK
1751,3502.0,23.0,OK_inner,37.6,OK
1752,3504.0,22.9,OK_inner,37.6,OK
1753,3506.0,23.0,OK_inner,37.6,OK
1754,3508.0,23.0,OK,37.6,OK
1755,3510.0,22.9,OK_inner,37.6,OK
1756,3512.0,23.0,OK_inner,37.6,OK
1757,3514.0,23.0,OK,37.6,OK
1758,3516.0,22.9,OK_inner,37.6,OK
1759,3518.0,23.0,OK_inner,37.6,OK
1760,3520.0,23.0,OK,37.6,OK
1761,3522.0,22.9,OK_inner,37.6,OK
1762,3524.0,23.0,OK_inner,37.6,OK
1763,3526.0,23.0,OK,37.6,OK
1764,3528.0,22.9,OK,37.6,OK
1765,3530.0,23.0,OK_inner,37.6,OK
1766,3532.0,23.0,OK,37.6,OK
1767,3534.0,22.9,OK,37.6,OK
1768,3536.0,23.0,OK_inner,37.6,OK
1769,3538.0,23.0,OK,37.6,OK
1770,3540.0,22.9,OK_inner,37.6,OK
1771,3542.0,23.0,OK_inner,37.6,OK
1772,3544.0,23.0,OK_inner,37.6,OK
1773,3546.0,22.9,OK_inner,37.6,OK
1774,3548.0,23.0,OK_inner,37.6,OK
1775,3550.0,23.0,OK,37.6,OK
1776,3552.0,22.9,OK_inner,37.6,OK
1777,3554.0,23.0,OK_inner,37.6,OK
1778,3556.0,23.0,OK,37.6,OK
1779,3558.0,22.9,OK_inner,37.6,OK
1780,3560.0,23.0,OK_inner,37.5,OK
1781,3562.0,23.0,OK,37.5,OK
1782,3564.0,22.9,OK,37.6,OK
1783,3566.0,23.0,OK_inner,37.6,OK
1784,3568.0,23.0,OK,37.6,OK
1785,3570.0,22.9,OK_inner,37.6,OK
1786,3572.0,23.0,OK_inner,37.6,OK
1787,3574.0,23.0,OK,37.7,OK_inner
1788,3576.0,22.9,OK_inner,37.7,OK_inner
1789,3578.0,22.9,OK,37.7,OK_inner
1790,3580.0,23.0,OK,37.7,OK_inner
1791,3582.0,22.9,OK_inner,37.7,OK_inner
1792,3584.0,22.9,OK,37.7,OK_inner
1793,3586.0,23.0,OK_inner,37.7,OK_inner
1794,3588.0,22.8,OK,37.7,OK_inner
1795,3590.0,22.9,OK,37.7,OK_inner
1796,3592.0,23.0,OK,37.7,OK_inner
1797,3594.0,22.9,OK_inner,37.7,OK_inner
1798,3596.0,2.9,OK,57.7,image_sweep_check
1799,3598.0,23.0,OK,37.6,OK
1800,3600.0,22.9,OK,57.7,OK_inner
1801,3602.0,22.9,image_sweep_check,37.7,image_sweep_check
1802,3604.0,23.0,OK,37.6,OK
1803,3606.0,22.9,OK_inner,37.6,OK
1804,3608.0,22.9,OK_inner,37.6,OK
1805,3610.0,23.0,OK,37.6,OK
1806,3612.0,22.9,OK_inner,37.7,OK_inner
1807,3614.0,22.9,OK_inner,37.7,OK_inner
1808,3616.0,22.9,OK,37.8,OK_inner
1809,3618.0,22.7,OK,37.8,OK
1810,3620.0,22.8,OK,37.9,OK
1811,3622.0,22.9,OK,37.9,OK
1812,3624.0,22.7,OK,37.9,OK
1813,3626.0,22.8,OK,37.9,OK
1814,3628.0,22.9,OK,37.9,OK
1815,3630.0,22.7,OK,37.8,OK
1816,3632.0,22.8,OK,37.9,OK
1817,3634.0,22.9,OK,37.8,OK
1818,3636.0,22.7,OK,37.8,OK
1819,3638.0,22.8,OK,37.8,OK
1820,3640.0,22.9,OK,37.8,OK
1821,3642.0,22.7,OK,37.8,OK
1822,3644.0,22.8,OK,37.8,OK
1823,3646.0,22.9,OK,37.8,OK
1824,3648.0,22.7,OK,37.8,OK
1825,3650.0,22.8,OK,37.8,OK
1826,3652.0,22.9,OK,37.8,OK
1827,3654.0,22.7,OK,37.9,OK
1828,3656.0,22.7,OK,37.9,OK
1829,3658.0,22.9,OK_inner,37.9,OK
1830,3660.0,22.7,OK,37.9,OK
1831,3662.0,22.7,OK_inner,37.9,OK
1832,3664.0,22.8,OK,37.9,OK
1833,3666.0,22.7,OK,37.9,OK
1834,3668.0,22.7,OK_inner,37.9,OK
1835,3670.0,22.8,OK,37.9,OK
1836,3672.0,22.7,OK,37.9,OK
1837,3674.0,22.7,OK_inner,37.9,OK
1838,3676.0,22.8,OK,37.9,OK
1839,3678.0,22.7,OK,37.8,OK
1840,3680.0,22.7,OK,37.8,OK
1841,3682.0,22.9,OK,37.9,OK
1842,3684.0,22.7,OK,37.8,OK
1843,3686.0,22.7,OK,37.8,OK
1844,3688.0,22.8,OK,37.8,OK
1845,3690.0,22.7,OK,37.8,OK
1846,3692.0,22.7,OK_inner,37.8,OK
1847,3694.0,22.9,OK,37.8,OK
1848,3696.0,22.7,OK,37.8,OK
1849,3698.0,22.7,OK,37.8,OK
1850,3700.0,22.9,OK,37.8,OK
1851,3702.0,22.7,OK,37.8,OK
1852,3704.0,22.7,OK_inner,37.8,OK
1853,3706.0,22.9,OK,37.8,OK
1854,3708.0,22.7,OK,37.8,OK
1855,3710.0,22.7,OK,37.8,OK
1856,3712.0,22.9,OK,37.8,OK
1857,3714.0,22.7,OK,37.8,OK
1858,3716.0,22.7,OK_inner,37.8,OK
1859,3718.0,22.9,OK,37.8,OK
1860,3720.0,22.7,OK,37.8,OK
1861,3722.0,22.7,OK,37.8,OK
1862,3724.0,22.8,OK,37.8,OK
1863,3726.0,22.7,OK,37.9,OK
1864,3728.0,22.7,OK,37.9,OK
1865,3730.0,22.8,OK,37.9,OK
1866,3732.0,22.6,OK,37.9,OK
1867,3734.0,22.7,OK,37.9,OK
1868,3736.0,22.8,OK,37.9,OK
1869,3738.0,22.6,OK,37.9,OK
1870,3740.0,22.7,OK,37.9,OK
1871,3742.0,22.8,OK,37.9,OK
1872,3744.0,22.7,OK,37.9,OK
1873,3746.0,22.7,OK,37.9,OK
1874,3748.0,22.8,OK,37.9,OK
1875,3750.0,22.7,OK,37.9,OK
1876,3752.0,22.7,OK,37.9,OK_inner
1877,3754.0,22.8,OK,37.9,OK
1878,3756.0,22.7,OK,37.9,OK
1879,3758.0,22.7,OK,37.9,OK
1880,3760.0,22.8,OK,37.9,OK
1881,3762.0,22.6,OK,37.9,OK
1882,3764.0,22.7,OK,37.9,OK
1883,3766.0,22.8,OK,37.9,OK
1884,3768.0,22.7,OK,37.9,OK
1885,3770.0,22.7,OK,37.9,OK
1886,3772.0,22.8,OK,37.9,OK
1887,3774.0,22.7,OK,37.9,OK_inner
1888,3776.0,22.7,OK,37.9,OK
1889,3778.0,22.8,OK,37.9,OK
1890,3780.0,22.7,OK_inner,37.9,OK_inner
1891,3782.0,22.7,OK,37.9,OK
1892,3784.0,22.8,OK,37.9,OK
1893,3786.0,22.7,OK,37.9,OK
1894,3788.0,22.7,OK,37.9,OK
1895,3790.0,22.8,OK,37.9,OK
1896,3792.0,22.7,OK,37.9,OK
1897,3794.0,22.7,OK,37.9,OK
1898,3796.0,22.8,OK,37.9,OK
1899,3798.0,22.7,OK,37.9,OK
1900,3800.0,22.7,OK,37.9,OK_inner
1901,3802.0,22.8,OK,37.9,OK
1902,3804.0,22.7,OK,37.9,OK
1903,3806.0,22.7,OK,37.9,OK
1904,3808.0,22.8,OK,37.9,OK
1905,3810.0,22.7,OK,37.9,OK
1906,3812.0,22.7,OK_inner,37.9,OK
1907,3814.0,22.8,OK,37.9,OK
1908,3816.0,22.7,OK,37.9,OK
1909,3818.0,22.7,OK,37.9,OK_inner
1910,3820.0,22.8,OK,37.9,OK
1911,3822.0,22.7,OK,37.9,OK_inner
1912,3824.0,22.7,OK,37.8,OK
1913,3826.0,22.8,OK,37.9,OK
1914,3828.0,22.7,OK,37.8,OK
1915,3830.0,22.7,OK,37.8,OK
1916,3832.0,22.9,OK,37.8,OK
1917,3834.0,22.7,OK,37.9,OK
1918,3836.0,22.7,OK,37.9,OK
1919,3838.0,22.9,OK,37.8,OK
1920,3840.0,22.7,OK,37.8,OK
1921,3842.0,22.7,OK,37.8,OK
1922,3844.0,22.9,OK,37.8,OK
1923,3846.0,22.7,OK,37.8,OK
1924,3848.0,22.7,OK,37.8,OK
1925,3850.0,22.9,OK,37.8,OK
1926,3852.0,22.7,OK,37.8,OK
1927,3854.0,22.7,OK,37.8,OK
1928,3856.0,22.9,OK,37.8,OK
1929,3858.0,22.7,OK,37.8,OK
1930,3860.0,22.7,OK,37.8,OK
1931,3862.0,22.9,OK,37.8,OK
1932,3864.0,22.7,OK,37.8,OK
1933,3866.0,22.7,OK,37.8,OK
1934,3868.0,22.9,OK_inner,37.8,OK
1935,3870.0,22.7,OK,37.8,OK
1936,3872.0,22.7,OK,37.8,OK
1937,3874.0,22.9,OK_inner,37.8,OK
1938,3876.0,22.7,OK,37.8,OK
1939,3878.0,22.7,OK,37.8,OK
1940,3880.0,22.8,OK,37.8,OK
1941,3882.0,22.7,OK,37.8,OK
1942,3884.0,22.7,OK,37.8,OK
1943,3886.0,22.9,OK_inner,37.8,OK
1944,3888.0,22.7,OK,37.8,OK
1945,3890.0,22.7,OK,37.8,OK
1946,3892.0,22.9,OK,37.8,OK
1947,3894.0,22.7,OK,37.8,OK
1948,3896.0,22.7,OK,37.8,OK
1949,3898.0,22.9,OK_inner,37.8,OK
1950,3900.0,22.7,OK,37.8,OK
1951,3902.0,22.7,OK,37.8,OK
1952,3904.0,22.9,OK_inner,37.8,OK
1953,3906.0,22.7,OK,37.8,OK
1954,3908.0,22.7,OK,37.8,OK
1955,3910.0,22.9,OK_inner,37.8,OK
1956,3912.0,22.7,OK,37.8,OK
1957,3914.0,22.7,OK_inner,37.8,OK
1958,3916.0,22.9,OK,37.8,OK
1959,3918.0,22.7,OK,37.8,OK
1960,3920.0,22.7,OK,37.8,OK
1961,3922.0,22.9,OK,37.8,OK
1962,3924.0,22.7,OK,37.8,OK
1963,3926.0,22.7,OK,37.8,OK
1964,3928.0,22.9,OK_inner,37.8,OK
1965,3930.0,22.7,OK,37.8,OK
1966,3932.0,22.7,OK,37.8,OK
1967,3934.0,22.9,OK,37.8,OK
1968,3936.0,22.8,OK,37.8,OK
1969,3938.0,22.7,OK,37.8,OK
1970,3940.0,22.9,OK_inner,37.8,OK
1971,3942.0,22.8,OK,37.8,OK
1972,3944.0,22.7,OK,37.8,OK
1973,3946.0,22.9,OK_inner,37.8,OK
1974,3948.0,22.8,OK,37.8,OK
1975,3950.0,22.8,OK,37.8,OK
1976,3952.0,22.9,OK_inner,37.8,OK
1977,3954.0,22.8,OK,37.8,OK
1978,3956.0,22.8,OK,37.8,OK
1979,3958.0,22.9,OK,37.8,OK
1980,3960.0,22.8,OK,37.8,OK
1981,3962.0,22.7,OK,37.8,OK
1982,3964.0,22.9,OK_inner,37.8,OK
1983,3966.0,22.8,OK,37.8,OK
1984,3968.0,22.7,OK,37.8,OK
1985,3970.0,22.9,OK,37.8,OK
1986,3972.0,22.8,OK,37.8,OK
1987,3974.0,22.8,OK,37.8,OK
1988,3976.0,22.9,OK_inner,37.7,OK_inner
1989,3978.0,22.9,OK_inner,37.8,OK
1990,3980.0,22.8,OK,37.7,OK_inner
1991,3982.0,22.9,OK_inner,37.8,OK_inner
1992,3984.0,22.8,OK,37.8,OK
1993,3986.0,22.8,OK,37.8,OK
1994,3988.0,22.9,OK,37.7,OK_inner
1995,3990.0,22.9,OK,37.8,OK_inner
1996,3992.0,22.8,OK,37.7,OK_inner
1997,3994.0,22.9,OK,37.7,OK_inner
1998,3996.0,22.9,OK_inner,37.7,OK_inner
1999,3998.0,22.8,OK,37.8,OK
2000,4000.0,22.9,OK_inner,37.8,OK
2001,4002.0,22.9,OK,37.7,OK_inner
2002,4004.0,22.8,OK,37.7,OK_inner
2003,4006.0,22.9,OK_inner,37.7,OK_inner
2004,4008.0,22.9,OK_inner,37.7,OK_inner
2005,4010.0,22.8,OK,37.7,OK_inner
2006,4012.0,22.9,OK_inner,37.7,OK_inner
2007,4014.0,22.9,OK_inner,37.7,OK_inner
2008,4016.0,22.8,OK,37.8,OK
2009,4018.0,23.0,OK_inner,37.8,OK
2010,4020.0,22.9,OK_inner,37.7,OK_inner
2011,4022.0,22.9,OK_inner,37.7,OK_inner
2012,4024.0,22.9,OK_inner,37.7,OK_inner
2013,4026.0,22.9,OK,37.7,OK_inner
2014,4028.0,22.8,OK,37.7,OK_inner
2015,4030.0,22.9,OK_inner,37.7,OK_inner
2016,4032.0,22.9,OK_inner,37.7,OK_inner
2017,4034.0,22.8,OK,37.7,OK_inner
2018,4036.0,22.9,OK_inner,37.7,OK_inner
2019,4038.0,2.9,OK,37.7,OK_inner
2020,4040.0,22.8,OK,37.7,OK_inner
2021,4042.0,23.0,OK,37.7,OK_inner
2022,4044.0,22.9,OK_inner,37.7,OK_inner
2023,4046.0,22.9,OK,37.7,OK_inner
2024,4048.0,23.0,OK,37.7,OK_inner
2025,4050.0,22.9,OK_inner,37.7,OK_inner
2026,4052.0,22.8,OK,37.7,OK_inner
2027,4054.0,22.9,OK,37.7,OK_inner
2028,4056.0,2.9,OK,37.7,OK_inner
2029,4058.0,22.9,OK,37.7,OK_inner
2030,4060.0,23.0,OK_inner,37.7,OK_inner
2031,4062.0,2.9,OK,37.7,OK_inner
2032,4064.0,22.9,OK,37.7,OK_inner
2033,4066.0,23.0,OK_inner,37.7,OK_inner
2034,4068.0,22.9,OK_inner,37.7,OK_inner
2035,4070.0,22.9,OK,37.7,OK_inner
2036,4072.0,23.0,OK_inner,37.7,OK_inner
2037,4074.0,22.9,OK,37.7,OK_inner
2038,4076.0,22.9,OK,37.7,OK_inner
2039,4078.0,23.0,OK,37.7,OK_inner
2040,4080.0,22.9,OK_inner,37.7,OK_inner
2041,4082.0,22.9,OK,37.7,OK_inner
2042,4084.0,23.0,OK_inner,37.7,OK_inner
2043,4086.0,2.9,OK,37.7,OK_inner
2044,4088.0,22.9,OK,37.7,OK_inner
2045,4090.0,23.0,OK_inner,37.7,OK_inner
2046,4092.0,22.9,OK_inner,37.7,OK_inner
2047,4094.0,22.9,OK_inner,37.7,OK_inner
2048,4096.0,23.0,OK_inner,37.7,OK_inner
2049,4098.0,23.0,OK_inner,37.7,OK_inner
2050,4100.0,22.9,OK_inner,37.7,OK_inner
2051,4102.0,23.0,OK_inner,37.7,OK_inner
2052,4104.0,23.0,OK_inner,37.7,OK_inner
2053,4106.0,22.9,OK_inner,37.7,OK_inner
2054,4108.0,23.0,OK_inner,37.7,OK_inner
2055,4110.0,23.0,OK_inner,37.7,OK_inner
2056,4112.0,22.9,OK_inner,37.7,OK_inner
2057,4114.0,23.0,OK_inner,37.7,OK_inner
2058,4116.0,23.0,OK_inner,37.7,OK_inner
2059,4118.0,22.9,OK_inner,37.7,OK_inner
2060,4120.0,23.0,OK_inner,37.7,OK_inner
2061,4122.0,23.0,OK_inner,37.7,OK_inner
2062,4124.0,23.0,OK,37.7,OK_inner
2063,4126.0,23.0,OK_inner,37.7,OK_inner
2064,4128.0,23.0,OK_inner,37.7,OK_inner
2065,4130.0,23.9,OK_inner,37.7,OK_inner
2066,4132.0,23.0,OK_inner,37.7,OK_inner
2067,4134.0,23.0,OK_inner,37.7,OK_inner
2068,4136.0,23.0,OK,37.7,OK_inner
2069,4138.0,23.0,OK_inner,37.7,OK_inner
2070,4140.0,23.0,OK_inner,37.7,OK_inner
2071,4142.0,23.0,OK_inner,37.7,OK_inner
2072,4144.0,23.0,OK_inner,37.7,OK_inner
2073,4146.0,23.0,OK_inner,37.7,OK_inner
2074,4148.0,23.0,OK_inner,37.7,OK_inner
2075,4150.0,23.0,OK_inner,37.7,OK_inner
2076,4152.0,23.0,OK_inner,37.7,OK_inner
2077,4154.0,23.0,OK_inner,37.7,OK_inner
2078,4156.0,23.0,OK_inner,37.7,OK_inner
2079,4158.0,23.0,OK_inner,37.7,OK_inner
2080,4160.0,23.0,OK_inner,37.7,OK_inner
2081,4162.0,23.0,OK_inner,37.7,OK_inner
2082,4164.0,23.0,OK_inner,37.8,OK_inner
2083,4166.0,23.0,OK_inner,37.7,OK_inner
2084,4168.0,23.0,OK_inner,37.8,OK_inner
2085,4170.0,23.0,OK_inner,37.6,OK
2086,4172.0,23.0,OK_inner,37.7,OK_inner
2087,4174.0,23.0,OK_inner,37.6,OK
2088,4176.0,23.0,OK,37.7,OK_inner
2089,4178.0,23.0,OK_inner,37.7,OK_inner
2090,4180.0,23.0,OK_inner,37.7,OK_inner
2091,4182.0,23.0,image_sweep_check,37.8,OK_inner
2092,4184.0,23.0,OK_inner,37.7,OK_inner
2093,4186.0,23.0,OK_inner,37.7,image_sweep_check
2094,4188.0,23.0,OK_inner,37.7,OK_inner
2095,4190.0,23.0,OK_inner,37.6,OK
2096,4192.0,23.0,OK_inner,37.6,OK
2097,4194.0,23.1,OK_inner,37.6,OK
2098,4196.0,23.0,OK_inner,37.6,OK
2099,4198.0,23.0,OK_inner,37.6,OK
2100,4200.0,23.0,OK_inner,37.6,OK
2101,4202.0,23.0,OK_inner,37.6,OK
2102,4204.0,23.0,OK_inner,37.6,OK
2103,4206.0,23.1,OK_inner,37.6,OK
2104,4208.0,23.0,OK_inner,37.6,OK
2105,4210.0,23.0,OK_inner,37.6,OK
2106,4212.0,23.1,OK_inner,37.6,OK
2107,4214.0,23.0,OK_inner,37.6,OK
2108,4216.0,23.0,OK_inner,37.6,OK
2109,4218.0,23.1,OK_inner,37.6,OK
2110,4220.0,23.0,OK_inner,37.6,OK
2111,4222.0,23.0,OK_inner,37.6,OK
2112,4224.0,23.1,OK_inner,37.6,OK
2113,4226.0,23.0,OK_inner,37.6,OK
2114,4228.0,23.0,OK_inner,37.6,OK
2115,4230.0,23.1,image_sweep_check,37.6,OK
2116,4232.0,23.0,OK_inner,37.6,OK
2117,4234.0,23.0,OK_inner,37.6,OK
2118,4236.0,23.1,OK_inner,37.6,OK
2119,4238.0,23.0,OK_inner,37.6,OK
2120,4240.0,23.0,OK_inner,37.6,OK
2121,4242.0,23.1,OK_inner,37.6,OK
2122,4244.0,23.0,OK_inner,37.6,OK
2123,4246.0,23.0,OK,37.6,OK
2124,4248.0,23.1,OK_inner,37.6,OK
2125,4250.0,23.0,OK_inner,37.6,OK
2126,4252.0,23.0,OK_inner,37.6,OK
2127,4254.0,23.1,OK_inner,37.6,OK
2128,4256.0,23.0,OK_inner,37.6,OK
2129,4258.0,23.0,image_sweep_check,37.6,OK
2130,4260.0,23.1,image_sweep_check,37.6,OK
2131,4262.0,23.1,OK_inner,37.6,OK
2132,4264.0,23.0,image_sweep_check,37.6,OK
2133,4266.0,23.2,OK,37.6,OK
2134,4268.0,23.1,image_sweep_check,37.6,OK
2135,4270.0,23.0,image_sweep_check,37.6,OK
2136,4272.0,23.2,OK,37.6,OK
2137,4274.0,23.0,OK_inner,37.6,OK
2138,4276.0,23.1,OK_inner,37.6,OK
2139,4278.0,23.2,OK,37.6,OK
2140,4280.0,23.1,image_sweep_check,37.6,OK
2141,4282.0,23.1,OK_inner,37.6,OK
2142,4284.0,23.2,OK,37.6,OK
2143,4286.0,23.0,OK_inner,37.6,OK
2144,4288.0,23.1,OK_inner,37.6,OK
2145,4290.0,23.2,OK,37.6,OK
2146,4292.0,23.2,OK,37.6,OK
2147,4294.0,23.1,OK_inner,37.6,OK
2148,4296.0,23.2,OK,37.6,OK
2149,4298.0,23.2,OK,37.6,OK
2150,4300.0,23.1,OK_inner,37.6,OK
2151,4302.0,23.2,OK,37.6,OK
2152,4304.0,23.2,OK,37.6,OK
2153,4306.0,23.1,OK_inner,37.6,OK
2154,4308.0,23.2,OK,37.6,OK
2155,4310.0,23.2,OK,37.5,OK
2156,4312.0,23.1,image_sweep_check,37.6,OK
2157,4314.0,23.2,OK,37.5,OK
2158,4316.0,23.2,OK,37.5,OK
2159,4318.0,23.1,image_sweep_check,37.5,OK
2160,4320.0,23.2,OK,37.5,OK
2161,4322.0,23.2,OK,37.5,OK
2162,4324.0,23.1,OK_inner,37.5,OK
2163,4326.0,23.2,OK,37.5,OK
2164,4328.0,23.2,OK,37.5,OK
2165,4330.0,23.1,OK_inner,37.5,OK
2166,4332.0,23.2,OK,37.5,OK
2167,4334.0,23.2,OK,37.5,OK
2168,4336.0,23.1,OK_inner,37.5,OK
2169,4338.0,23.2,OK,37.5,OK
2170,4340.0,23.2,OK,37.5,OK
2171,4342.0,23.1,OK_inner,37.6,OK
2172,4344.0,23.2,OK,37.6,OK
2173,4346.0,23.1,OK_inner,37.7,OK_inner
2174,4348.0,23.1,OK_inner,37.7,image_sweep_check
2175,4350.0,23.2,OK,37.7,OK_inner
2176,4352.0,23.1,OK_inner,37.7,OK_inner
2177,4354.0,23.1,image_sweep_check,37.7,image_sweep_check
2178,4356.0,23.2,OK,37.7,image_sweep_check
2179,4358.0,23.2,OK,37.7,OK_inner
2180,4360.0,23.1,OK_inner,37.7,OK_inner
2181,4362.0,23.2,OK,37.7,OK_inner
2182,4364.0,23.2,OK,37.7,OK_inner
2183,4366.0,23.1,OK_inner,37.7,OK_inner
2184,4368.0,23.2,OK,37.6,OK
2185,4370.0,23.2,OK,37.6,OK
2186,4372.0,23.1,OK_inner,37.6,OK
2187,4374.0,23.2,OK,37.6,OK
2188,4376.0,23.2,OK,37.6,OK
2189,4378.0,23.1,OK,37.6,OK
2190,4380.0,23.2,OK,37.6,OK
2191,4382.0,23.2,OK,37.6,OK
2192,4384.0,23.1,OK_inner,37.6,OK
2193,4386.0,23.2,OK,37.6,OK
2194,4388.0,23.2,OK,37.6,OK
2195,4390.0,23.2,OK,37.6,OK
2196,4392.0,23.2,OK,37.6,OK
2197,4394.0,23.2,OK_inner,37.6,OK_inner
2198,4396.0,23.1,OK_inner,37.6,OK_inner
2199,4398.0,23.2,OK,37.6,OK
2200,4400.0,23.2,OK,37.6,OK
2201,4402.0,23.2,OK,37.6,OK
2202,4404.0,23.2,OK,37.6,OK
2203,4406.0,23.2,OK,37.6,OK
2204,4408.0,23.2,OK,37.6,OK
2205,4410.0,23.2,OK,37.6,OK
2206,4412.0,23.2,OK,37.6,OK
2207,4414.0,23.1,image_sweep_check,37.6,OK
2208,4416.0,23.2,OK,37.6,OK
2209,4418.0,23.2,OK,37.6,OK
2210,4420.0,23.1,image_sweep_check,37.6,OK
2211,4422.0,23.2,OK,37.6,OK
2212,4424.0,23.2,OK,37.6,OK
2213,4426.0,23.1,OK_inner,37.6,OK
2214,4428.0,23.2,OK,37.6,OK
2215,4430.0,23.2,OK,37.6,OK
2216,4432.0,23.1,OK_inner,37.6,OK
2217,4434.0,23.2,OK,37.6,OK
2218,4436.0,23.2,OK,37.6,OK
2219,4438.0,23.1,image_sweep_check,37.6,OK
2220,4440.0,23.2,OK,37.6,OK
2221,4442.0,23.2,OK,37.6,OK
2222,4444.0,23.1,OK_inner,37.6,OK
2223,4446.0,23.2,OK,37.6,OK
2224,4448.0,23.2,OK,37.6,OK
2225,4450.0,23.1,image_sweep_check,37.6,OK
2226,4452.0,23.2,OK,37.6,OK
2227,4454.0,23.2,OK,37.6,OK
2228,4456.0,23.1,OK_inner,37.6,OK
2229,4458.0,23.2,OK_inner,37.6,OK
2230,4460.0,23.2,OK,37.6,OK
2231,4462.0,23.1,OK_inner,37.6,OK
2232,4464.0,23.2,OK,37.6,OK
2233,4466.0,23.2,OK,37.6,OK
2234,4468.0,23.1,OK_inner,37.6,OK
2235,4470.0,23.3,OK_inner,37.6,OK
2236,4472.0,23.2,OK,37.6,OK
2237,4474.0,23.1,OK,37.6,OK
2238,4476.0,23.2,OK_inner,37.6,OK
2239,4478.0,23.2,OK,37.6,OK
2240,4480.0,23.1,OK_inner,37.6,OK_inner
2241,4482.0,23.3,OK_inner,37.6,OK_inner
2242,4484.0,23.2,OK_inner,37.6,OK
2243,4486.0,23.1,OK_inner,37.6,OK_inner
2244,4488.0,23.3,OK_inner,37.6,OK
2245,4490.0,23.2,OK,37.6,OK
2246,4492.0,23.1,OK_inner,37.6,OK
2247,4494.0,23.2,OK,37.6,OK
2248,4496.0,23.2,OK,37.6,OK
2249,4498.0,23.0,OK,37.7,OK_inner
2250,4500.0,23.1,image_sweep_check,37.8,OK
2251,4502.0,23.0,OK_inner,37.9,OK
2252,4504.0,22.9,OK,38.1,OK
2253,4506.0,22.9,OK_inner,38.2,image_sweep_check
2254,4508.0,22.9,OK,38.3,OK
2255,4510.0,22.7,OK,,error
2256,4512.0,22.8,OK,38.4,image_sweep_check
2257,4514.0,22.7,OK,38.5,image_sweep_check
2258,4516.0,22.6,OK,38.5,OK_inner
2259,4518.0,22.7,OK,38.4,OK
2260,4520.0,22.7,OK,38.4,OK_inner
2261,4522.0,22.6,OK,38.4,OK
2262,4524.0,22.7,OK,38.4,OK_inner
2263,4526.0,22.7,OK,38.5,OK
2264,4528.0,22.5,OK,38.5,OK
2265,4530.0,22.6,OK,38.5,OK_inner
2266,4532.0,22.6,OK,38.6,OK
2267,4534.0,22.4,OK,38.6,OK
2268,4536.0,22.5,OK,38.7,OK_inner
2269,4538.0,22.5,OK,38.7,OK_inner
2270,4540.0,22.4,OK,38.7,image_sweep_check
2271,4542.0,22.4,OK,38.8,OK
2272,4544.0,22.4,OK,38.9,image_sweep_check
2273,4546.0,22.3,image_sweep_check,38.9,OK
2274,4548.0,22.4,OK_inner,39.0,OK_inner
2275,4550.0,22.3,image_sweep_check,39.0,OK_inner
2276,4552.0,22.1,OK_inner,39.1,OK_inner
2277,4554.0,22.3,OK_inner,39.1,OK_inner
2278,4556.0,22.2,OK_inner,39.1,OK_inner
2279,4558.0,22.1,OK,39.2,OK_inner
2280,4560.0,22.1,OK,39.2,OK_inner
2281,4562.0,22.1,OK,39.3,OK
2282,4564.0,22.0,OK,39.3,OK
2283,4566.0,22.1,OK,39.2,OK_inner
2284,4568.0,22.1,OK_inner,39.2,OK_inner
2285,4570.0,22.0,OK,39.2,OK_inner
2286,4572.0,22.1,OK,39.2,OK_inner
2287,4574.0,22.0,OK,39.2,OK_inner
2288,4576.0,21.8,OK,39.3,image_sweep_check
2289,4578.0,22.0,OK,39.3,OK
2290,4580.0,21.9,OK,39.3,OK
2291,4582.0,21.8,OK,39.4,OK_inner
2292,4584.0,21.9,OK,39.4,OK_inner
2293,4586.0,21.9,OK,39.4,OK_inner
2294,4588.0,21.7,OK,39.4,OK_inner
2295,4590.0,21.8,OK,39.4,OK_inner
2296,4592.0,21.8,OK,39.4,OK
2297,4594.0,21.7,OK_inner,39.5,OK_inner
2298,4596.0,21.7,OK,39.5,OK_inner
2299,4598.0,21.7,OK,39.6,OK
2300,4600.0,21.6,OK,39.6,OK_inner
2301,4602.0,21.7,OK,39.6,OK_inner
2302,4604.0,21.7,OK,39.6,OK_inner
2303,4606.0,21.5,OK,39.6,OK_inner
2304,4608.0,21.7,OK,39.6,OK_inner
2305,4610.0,21.6,OK,39.7,OK_inner
2306,4612.0,21.5,OK,39.7,OK_inner
2307,4614.0,21.5,OK,39.7,OK_inner
2308,4616.0,21.5,OK,39.7,OK_inner
2309,4618.0,21.4,OK,39.7,OK_inner
2310,4620.0,21.5,OK,39.8,OK_inner
2311,4622.0,21.5,OK,39.8,OK_inner
2312,4624.0,21.4,OK,39.8,OK_inner
2313,4626.0,21.5,OK,39.8,OK_inner
2314,4628.0,21.5,OK,39.8,OK_inner
2315,4630.0,21.3,OK,39.8,OK
2316,4632.0,21.4,OK,39.8,OK
2317,4634.0,21.4,OK,39.8,OK_inner
2318,4636.0,21.3,OK,39.8,OK
2319,4638.0,21.4,OK,39.8,OK
2320,4640.0,21.4,OK,39.8,OK_inner
2321,4642.0,21.2,OK_inner,39.8,OK_inner
2322,4644.0,21.4,OK,39.9,OK
2323,4646.0,21.4,OK_inner,39.9,OK_inner
2324,4648.0,21.2,OK,39.9,OK_inner
2325,4650.0,21.3,OK,40.0,OK_inner
2326,4652.0,21.3,OK,40.0,OK_inner
2327,4654.0,21.1,OK_inner,40.0,OK
2328,4656.0,21.2,OK_inner,40.0,OK_inner
2329,4658.0,21.2,OK_inner,40.0,OK_inner
2330,4660.0,21.1,OK,40.0,OK_inner
2331,4662.0,21.2,OK,40.0,OK_inner
2332,4664.0,21.2,OK,40.0,OK_inner
2333,4666.0,21.1,OK,40.0,OK_inner
2334,4668.0,21.2,OK,40.1,OK
2335,4670.0,21.2,OK_inner,40.0,OK_inner
2336,4672.0,21.1,OK,40.0,OK_inner
2337,4674.0,21.1,OK,40.0,OK_inner
2338,4676.0,21.1,OK,40.0,OK_inner
2339,4678.0,21.0,OK,40.0,OK_inner
2340,4680.0,21.1,OK_inner,40.1,OK_inner
2341,4682.0,21.2,OK,40.0,OK_inner
2342,4684.0,21.0,OK,40.1,OK_inner
2343,4686.0,21.1,OK_inner,40.1,OK
2344,4688.0,21.1,OK_inner,40.1,OK
2345,4690.0,20.9,OK_inner,40.1,OK
